"","Label","Type","Reference","NWFSC biased","WDFW biased","WDFW w/ ADFG","NWFSC w/ ADFG","M est","NMT prior, fixed","NMT prior, est.","h est","2011 h value","2011 L-W","2011 maturity","spline maturity","2011 fecundity","All years -50%","All years +50%","Comm. -50%","Comm. +50%","Rec. -50%","Rec. +50%","Lumped comp data","No rec devs","Est. dome sel","harm. mean wgting","1 area","2 sex","Rec. sel. dome"
"1","AIC",NA,NA,NA,NA,NA,NA,NA,NA,NA,NA,NA,NA,NA,NA,NA,NA,NA,NA,NA,NA,NA,NA,NA,NA,NA,NA,NA,NA
"10",NA,"AIC",11783.74,11856.34,11840.2,11788.44,11811,11764.8,11777.6,11764.42,11778.16,11826.96,11793.44,11792.46,11783.62,11793.82,11793,11783.74,11797.54,11786,11773.98,11791.48,11856.34,11909.92,11679.34,9820.76,11837.38,9942.14,11793
"11",NA,"deltaAIC",0,72.6000000000004,56.4600000000009,4.70000000000073,27.2600000000002,-18.9400000000005,-6.13999999999942,-19.3199999999997,-5.57999999999993,43.2199999999993,9.70000000000073,8.71999999999935,-0.119999999998981,10.0799999999999,9.26000000000022,0,13.8000000000011,2.26000000000022,-9.76000000000022,7.73999999999978,72.6000000000004,126.18,-104.4,-1962.98,53.6399999999994,-1841.6,9.26000000000022
"2","Survey_likelihood",NA,NA,NA,NA,NA,NA,NA,NA,NA,NA,NA,NA,NA,NA,NA,NA,NA,NA,NA,NA,NA,NA,NA,NA,NA,NA,NA,NA
"12",NA,"ALL",-38.9055,-40.695,-36.8507,-39.1199,-39.137,-43.1404,-44.6475,-43.2327,-39.362,-35.8123,-39.0279,-39.141,-38.9053,-39.0719,-39.0947,-38.9055,-37.3605,-40.0267,-40.3863,-37.9682,-40.695,-42.2803,-48.9761,-44.4876,-39.8704,-38.7269,-39.0948
"13",NA,"X1_CA_TWL",0,0,0,0,0,0,0,0,0,0,0,0,0,0,0,0,0,0,0,0,0,0,0,0,0,0,0
"14",NA,"X2_CA_NONTWL",0,0,0,0,0,0,0,0,0,0,0,0,0,0,0,0,0,0,0,0,0,0,0,0,0,0,0
"15",NA,"X3_CA_REC",-4.91081,-5.19794,-4.6449,-4.90761,-4.93287,-5.33043,-4.77284,-5.30539,-5.38252,-2.42804,-4.91907,-4.95423,-4.91497,-4.87292,-4.91251,-4.91077,-4.97841,-4.84067,-4.81527,-4.96238,-5.19794,-4.57762,-5.47145,-5.38009,-6.06282,-5.31561,-4.91239
"16",NA,"X4_ORWA_TWL",0,0,0,0,0,0,0,0,0,0,0,0,0,0,0,0,0,0,0,0,0,0,0,0,0,0,0
"17",NA,"X5_ORWA_NONTWL",0,0,0,0,0,0,0,0,0,0,0,0,0,0,0,0,0,0,0,0,0,0,0,0,0,0,0
"18",NA,"X6_OR_REC",-16.2106,-16.761,-15.3397,-16.2557,-16.2715,-16.6787,-16.0276,-16.6557,-15.9255,-15.9095,-16.2216,-16.2142,-16.2065,-16.2474,-16.2231,-16.2106,-16.1887,-16.2992,-16.319,-16.1827,-16.761,-19.2452,-15.3592,-16.7488,-16.4093,-16.597,-16.2232
"19",NA,"X7_WA_REC",-5.33323,-6.64703,-3.66191,-5.47264,-5.47433,-12.5493,-16.6099,-12.7818,-7.44877,-0.80588,-5.4948,-5.63025,-5.34514,-5.36638,-5.4896,-5.33312,-5.22338,-5.66293,-5.65591,-5.23053,-6.64703,-7.7666,-18.6122,-10.4288,-6.29772,-5.41765,-5.48922
"20",NA,"X8_CACPFV",-5.93077,-5.493,-6.56473,-5.90763,-5.84238,-2.80198,-1.81679,-2.73381,-4.75967,-9.02529,-5.83884,-5.81873,-5.92298,-5.97494,-5.90075,-5.93084,-4.40834,-6.68315,-7.12087,-5.04877,-5.493,-5.04395,-4.11969,-5.44567,-5.5456,-5.15684,-5.90099
"21",NA,"X9_OR_RECOB",0.616586,0.630726,0.562605,0.618,0.606374,0.632345,0.641215,0.63262,0.639174,0.653767,0.615155,0.616458,0.6166,0.614363,0.614965,0.616585,0.593442,0.625218,0.631628,0.6041,0.630726,0.958261,0.666193,0.626353,0.659532,0.672256,0.614963
"22",NA,"X10_TRI_ORWA",-1.48889,-1.23309,-1.77903,-1.46606,-1.45029,-0.0764892,0.783643,-0.0282678,-1.17471,-1.71302,-1.45238,-1.44376,-1.48756,-1.47467,-1.46081,-1.4889,-1.48189,-1.4343,-1.44607,-1.49231,-1.23309,-1.44681,2.23702,-0.0826978,-1.25884,-1.59634,-1.46084
"23",NA,"X11_NWFSC_ORWA",-5.5521,-5.60941,-5.48439,-5.56466,-5.57089,-5.654,-5.69337,-5.65669,-5.4759,-5.68903,-5.563,-5.55837,-5.55142,-5.569,-5.56354,-5.55211,-5.56612,-5.56149,-5.54871,-5.55868,-5.60941,-5.5535,-5.50287,-5.70716,-5.41223,-5.50529,-5.56356
"24",NA,"X12_IPHC_ORWA",-0.0957312,-0.384265,0.061299,-0.16354,-0.201187,-0.681878,-1.15184,-0.703644,0.165845,-0.89533,-0.153316,-0.137923,-0.0933232,-0.180935,-0.159401,-0.095768,-0.107089,-0.170264,-0.112156,-0.0969487,-0.384265,0.395141,-2.81392,-1.32075,0.45663,0.18963,-0.159509
"3","Survey_lambda",NA,NA,NA,NA,NA,NA,NA,NA,NA,NA,NA,NA,NA,NA,NA,NA,NA,NA,NA,NA,NA,NA,NA,NA,NA,NA,NA,NA
"25",NA,"ALL",NA,NA,NA,NA,NA,NA,NA,NA,NA,NA,NA,NA,NA,NA,NA,NA,NA,NA,NA,NA,NA,NA,NA,NA,NA,NA,NA
"26",NA,"X1_CA_TWL",1,1,1,1,1,1,1,1,1,1,1,1,1,1,1,1,1,1,1,1,1,1,1,1,1,1,1
"27",NA,"X2_CA_NONTWL",1,1,1,1,1,1,1,1,1,1,1,1,1,1,1,1,1,1,1,1,1,1,1,1,1,1,1
"28",NA,"X3_CA_REC",1,1,1,1,1,1,1,1,1,1,1,1,1,1,1,1,1,1,1,1,1,1,1,1,1,1,1
"29",NA,"X4_ORWA_TWL",1,1,1,1,1,1,1,1,1,1,1,1,1,1,1,1,1,1,1,1,1,1,1,1,1,1,1
"30",NA,"X5_ORWA_NONTWL",1,1,1,1,1,1,1,1,1,1,1,1,1,1,1,1,1,1,1,1,1,1,1,1,1,1,1
"31",NA,"X6_OR_REC",1,1,1,1,1,1,1,1,1,1,1,1,1,1,1,1,1,1,1,1,1,1,1,1,1,1,1
"32",NA,"X7_WA_REC",1,1,1,1,1,1,1,1,1,1,1,1,1,1,1,1,1,1,1,1,1,1,1,1,1,1,1
"33",NA,"X8_CACPFV",1,1,1,1,1,1,1,1,1,1,1,1,1,1,1,1,1,1,1,1,1,1,1,1,1,1,1
"34",NA,"X9_OR_RECOB",1,1,1,1,1,1,1,1,1,1,1,1,1,1,1,1,1,1,1,1,1,1,1,1,1,1,1
"35",NA,"X10_TRI_ORWA",1,1,1,1,1,1,1,1,1,1,1,1,1,1,1,1,1,1,1,1,1,1,1,1,1,1,1
"36",NA,"X11_NWFSC_ORWA",1,1,1,1,1,1,1,1,1,1,1,1,1,1,1,1,1,1,1,1,1,1,1,1,1,1,1
"37",NA,"X12_IPHC_ORWA",1,1,1,1,1,1,1,1,1,1,1,1,1,1,1,1,1,1,1,1,1,1,1,1,1,1,1
"4","Lt_likelihood",NA,NA,NA,NA,NA,NA,NA,NA,NA,NA,NA,NA,NA,NA,NA,NA,NA,NA,NA,NA,NA,NA,NA,NA,NA,NA,NA,NA
"38",NA,"ALL",1229.76,1232.32,1237.96,1236.07,1243.84,1220.61,1225.57,1220.41,1225.83,1245.08,1236.27,1235.88,1229.71,1236.57,1236.19,1229.76,1232.76,1234.59,1227.94,1231.37,1232.32,1286.51,1204.44,1122.65,1248.13,1464.53,1236.19
"39",NA,"X1_CA_TWL",176.187,176.466,174.682,176.094,176.028,177.692,178.351,177.734,176.277,175.918,176.114,176.098,176.187,176.095,176.095,176.187,176.378,176.039,176.087,176.291,176.466,174.929,174.681,106.767,176.063,230.646,176.095
"40",NA,"X2_CA_NONTWL",90.1211,90.5232,90.5803,90.396,90.5464,89.6397,89.5146,89.6217,90.0369,89.9473,90.4191,90.3618,90.1201,90.3982,90.3838,90.1211,91.1593,89.8129,89.2931,90.6967,90.5232,81.7426,92.1766,90.785,87.6021,88.1735,90.3838
"41",NA,"X3_CA_REC",247.935,246.312,248.902,248.006,248.331,247.843,248.226,247.847,248.095,247.863,248.147,248.123,247.938,248.099,248.118,247.935,249.636,247.417,246.991,248.85,246.312,241.4,243.569,226.408,262.878,279.443,248.118
"42",NA,"X4_ORWA_TWL",46.1339,47.005,47.9534,46.4906,46.6015,45.3536,45.259,45.3456,45.7667,47.838,46.4501,46.3956,46.129,46.4599,46.4187,46.134,46.4232,46.1902,45.8988,46.2945,47.005,57.9468,42.991,173.292,47.1275,66.5676,46.4189
"43",NA,"X5_ORWA_NONTWL",78.9133,78.4551,78.6054,78.9244,78.6603,77.9328,77.4845,77.9073,78.3955,81.2914,78.8618,78.8287,78.9039,78.9203,78.857,78.9135,78.8929,78.8694,78.9485,78.91,78.4551,101.1,74.4402,90.5306,79.5114,117.209,78.8573
"44",NA,"X6_OR_REC",142.365,141.942,140.39,143.168,143.318,137.061,136.191,136.919,140.825,147.099,143.524,143.352,142.347,143.657,143.497,142.365,143.256,142.829,141.262,142.948,141.942,158.799,133.582,78.2092,125.08,165.451,143.498
"45",NA,"X7_WA_REC",80.216,84.0325,84.4171,84.1762,91.2041,80.4687,86.0388,80.4807,80.2434,80.1134,84.1712,84.2008,80.2176,84.1082,84.1546,80.216,80.1238,84.0802,80.3161,80.1525,84.0325,89.3401,75.2605,35.8117,97.3523,80.5973,84.1544
"46",NA,"X8_CACPFV",144.668,144.113,147.377,145.046,145.323,142.778,142.267,142.736,144.219,146.894,144.776,144.795,144.662,144.85,144.812,144.668,144.843,144.853,144.896,144.7,144.113,154.744,147.82,59.5001,148.989,143.467,144.812
"47",NA,"X9_OR_RECOB",102.923,103.314,104.45,103.363,103.194,101.096,101.123,101.061,101.608,107.195,103.371,103.292,102.911,103.538,103.419,102.923,101.687,104.111,103.975,102.202,103.314,107.779,97.5029,86.8212,101.227,100.271,103.42
"48",NA,"X10_TRI_ORWA",29.4083,29.273,28.9477,29.43,29.3785,29.7736,30.0814,29.7863,29.3205,29.6671,29.4664,29.4611,29.4074,29.4782,29.468,29.4083,29.3454,29.4948,29.4481,29.3739,29.273,29.8284,30.0942,55.2126,29.8416,40.0278,29.468
"49",NA,"X11_NWFSC_ORWA",54.583,54.4803,54.5013,54.6434,54.7985,54.513,54.4597,54.5093,54.7025,55.0128,54.6374,54.6402,54.5817,54.633,54.6293,54.583,54.7915,54.5116,54.4275,54.7023,54.4803,54.0177,54.2161,82.952,54.2999,84.3265,54.6293
"50",NA,"X12_IPHC_ORWA",36.3056,36.4015,37.1547,36.3298,36.46,36.4538,36.5779,36.4612,36.336,36.2447,36.3298,36.3324,36.3066,36.3279,36.3319,36.3056,36.2204,36.3809,36.3927,36.2515,36.4015,34.8831,38.1027,36.3618,38.158,68.3549,36.3319
"5","Lt_lambda",NA,NA,NA,NA,NA,NA,NA,NA,NA,NA,NA,NA,NA,NA,NA,NA,NA,NA,NA,NA,NA,NA,NA,NA,NA,NA,NA,NA
"51",NA,"ALL",NA,NA,NA,NA,NA,NA,NA,NA,NA,NA,NA,NA,NA,NA,NA,NA,NA,NA,NA,NA,NA,NA,NA,NA,NA,NA,NA
"52",NA,"X1_CA_TWL",1,1,1,1,1,1,1,1,1,1,1,1,1,1,1,1,1,1,1,1,1,1,1,1,1,1,1
"53",NA,"X2_CA_NONTWL",1,1,1,1,1,1,1,1,1,1,1,1,1,1,1,1,1,1,1,1,1,1,1,1,1,1,1
"54",NA,"X3_CA_REC",1,1,1,1,1,1,1,1,1,1,1,1,1,1,1,1,1,1,1,1,1,1,1,1,1,1,1
"55",NA,"X4_ORWA_TWL",1,1,1,1,1,1,1,1,1,1,1,1,1,1,1,1,1,1,1,1,1,1,1,1,1,1,1
"56",NA,"X5_ORWA_NONTWL",1,1,1,1,1,1,1,1,1,1,1,1,1,1,1,1,1,1,1,1,1,1,1,1,1,1,1
"57",NA,"X6_OR_REC",1,1,1,1,1,1,1,1,1,1,1,1,1,1,1,1,1,1,1,1,1,1,1,1,1,1,1
"58",NA,"X7_WA_REC",1,1,1,1,1,1,1,1,1,1,1,1,1,1,1,1,1,1,1,1,1,1,1,1,1,1,1
"59",NA,"X8_CACPFV",1,1,1,1,1,1,1,1,1,1,1,1,1,1,1,1,1,1,1,1,1,1,1,1,1,1,1
"60",NA,"X9_OR_RECOB",1,1,1,1,1,1,1,1,1,1,1,1,1,1,1,1,1,1,1,1,1,1,1,1,1,1,1
"61",NA,"X10_TRI_ORWA",1,1,1,1,1,1,1,1,1,1,1,1,1,1,1,1,1,1,1,1,1,1,1,1,1,1,1
"62",NA,"X11_NWFSC_ORWA",1,1,1,1,1,1,1,1,1,1,1,1,1,1,1,1,1,1,1,1,1,1,1,1,1,1,1
"63",NA,"X12_IPHC_ORWA",1,1,1,1,1,1,1,1,1,1,1,1,1,1,1,1,1,1,1,1,1,1,1,1,1,1,1
"6","Age_likelihood",NA,NA,NA,NA,NA,NA,NA,NA,NA,NA,NA,NA,NA,NA,NA,NA,NA,NA,NA,NA,NA,NA,NA,NA,NA,NA,NA,NA
"64",NA,"ALL",4502.04,4539.77,4520.39,4498.14,4502.65,4505.41,4506.75,4505.56,4503.35,4498,4500.71,4500.72,4502.05,4500.43,4500.57,4502.04,4504.87,4499.25,4499.87,4503.66,4539.77,4645.42,4481.29,3633.96,4510.12,3348.45,4500.57
"65",NA,"X1_CA_TWL",0,0,0,0,0,0,0,0,0,0,0,0,0,0,0,0,0,0,0,0,0,0,0,0,0,0,0
"66",NA,"X2_CA_NONTWL",127.794,127.988,129.94,127.797,127.422,128.224,128.31,128.238,127.953,127.462,127.676,127.688,127.796,127.656,127.673,127.794,127.866,127.651,127.763,127.831,127.988,129.244,126.366,120.38,129.4,72.1458,127.673
"67",NA,"X3_CA_REC",381.972,370.404,374.235,381.923,382.789,382.445,382.216,382.456,382.16,381.805,381.77,381.744,381.973,381.695,381.715,381.972,383.379,381.097,381.12,382.743,370.404,403.798,369.35,303.379,389.832,214.34,381.715
"68",NA,"X4_ORWA_TWL",491.332,494.795,490.738,490.784,491.18,493.495,494.725,493.566,491.274,491.358,491.265,491.26,491.333,491.269,491.274,491.332,490.94,491.484,491.626,491.107,494.795,506.362,492.266,434.992,491.585,306.211,491.274
"69",NA,"X5_ORWA_NONTWL",582.112,584.303,586.863,582.205,581.574,581.081,580.597,581.05,582.034,582.402,582.063,582.049,582.107,582.076,582.052,582.112,582.645,581.816,581.744,582.416,584.303,608.593,583.278,303.457,580.743,384.383,582.052
"70",NA,"X6_OR_REC",723.73,729.525,724.709,720.458,723.181,728.405,731.092,728.572,724.047,722.822,723.534,723.51,723.734,723.428,723.469,723.73,724.17,723.167,723.218,724.014,729.525,746.995,724.699,576.1,720.896,455.928,723.468
"71",NA,"X7_WA_REC",1061.12,1065.24,1076.24,1061.6,1059.53,1056.19,1054.3,1056.08,1060.74,1061.85,1061.12,1061.12,1061.11,1061.2,1061.15,1061.12,1061.12,1061.12,1061.11,1061.13,1065.24,1090.94,1061.18,260.108,1061.47,663.675,1061.15
"72",NA,"X8_CACPFV",0,0,0,0,0,0,0,0,0,0,0,0,0,0,0,0,0,0,0,0,0,0,0,0,0,0,0
"73",NA,"X9_OR_RECOB",0,0,0,0,0,0,0,0,0,0,0,0,0,0,0,0,0,0,0,0,0,0,0,0,0,0,0
"74",NA,"X10_TRI_ORWA",0,0,0,0,0,0,0,0,0,0,0,0,0,0,0,0,0,0,0,0,0,0,0,0,0,0,0
"75",NA,"X11_NWFSC_ORWA",955.272,998.285,972.682,955.428,958.769,955.136,954.681,955.129,955.668,954.225,954.987,955.008,955.274,954.928,954.965,955.272,955.827,954.72,954.821,955.589,998.285,976.993,951.729,730.936,955.573,1136.85,954.965
"76",NA,"X12_IPHC_ORWA",178.707,169.237,164.986,177.949,178.2,180.429,180.835,180.475,179.474,176.076,178.289,178.342,178.719,178.184,178.273,178.707,178.919,178.194,178.475,178.836,169.237,182.497,172.416,904.606,180.626,114.921,178.273
"7","Age_lambda",NA,NA,NA,NA,NA,NA,NA,NA,NA,NA,NA,NA,NA,NA,NA,NA,NA,NA,NA,NA,NA,NA,NA,NA,NA,NA,NA,NA
"77",NA,"ALL",NA,NA,NA,NA,NA,NA,NA,NA,NA,NA,NA,NA,NA,NA,NA,NA,NA,NA,NA,NA,NA,NA,NA,NA,NA,NA,NA
"78",NA,"X1_CA_TWL",0,0,0,0,0,0,0,0,0,0,0,0,0,0,0,0,0,0,0,0,0,0,0,0,0,0,0
"79",NA,"X2_CA_NONTWL",1,1,1,1,1,1,1,1,1,1,1,1,1,1,1,1,1,1,1,1,1,1,1,1,1,1,1
"80",NA,"X3_CA_REC",1,1,1,1,1,1,1,1,1,1,1,1,1,1,1,1,1,1,1,1,1,1,1,1,1,1,1
"81",NA,"X4_ORWA_TWL",1,1,1,1,1,1,1,1,1,1,1,1,1,1,1,1,1,1,1,1,1,1,1,1,1,1,1
"82",NA,"X5_ORWA_NONTWL",1,1,1,1,1,1,1,1,1,1,1,1,1,1,1,1,1,1,1,1,1,1,1,1,1,1,1
"83",NA,"X6_OR_REC",1,1,1,1,1,1,1,1,1,1,1,1,1,1,1,1,1,1,1,1,1,1,1,1,1,1,1
"84",NA,"X7_WA_REC",1,1,1,1,1,1,1,1,1,1,1,1,1,1,1,1,1,1,1,1,1,1,1,1,1,1,1
"85",NA,"X8_CACPFV",0,0,0,0,0,0,0,0,0,0,0,0,0,0,0,0,0,0,0,0,0,0,0,0,0,0,0
"86",NA,"X9_OR_RECOB",0,0,0,0,0,0,0,0,0,0,0,0,0,0,0,0,0,0,0,0,0,0,0,0,0,0,0
"87",NA,"X10_TRI_ORWA",0,0,0,0,0,0,0,0,0,0,0,0,0,0,0,0,0,0,0,0,0,0,0,0,0,0,0
"88",NA,"X11_NWFSC_ORWA",1,1,1,1,1,1,1,1,1,1,1,1,1,1,1,1,1,1,1,1,1,1,1,1,1,1,1
"89",NA,"X12_IPHC_ORWA",1,1,1,1,1,1,1,1,1,1,1,1,1,1,1,1,1,1,1,1,1,1,1,1,1,1,1
"8","Parameters",NA,NA,NA,NA,NA,NA,NA,NA,NA,NA,NA,NA,NA,NA,NA,NA,NA,NA,NA,NA,NA,NA,NA,NA,NA,NA,NA,NA
"90",NA,"NatM_p_1_Fem_GP_1",0.0439034,0.0439034,0.0439034,0.0439034,0.0439034,0.0584206,0.066,0.0588683,0.0439034,0.0439034,0.0439034,0.0439034,0.0439034,0.0439034,0.0439034,0.0439034,0.0439034,0.0439034,0.0439034,0.0439034,0.0439034,0.0439034,0.0439034,0.0439034,0.0439034,0.0439034,0.0439034
"91",NA,"L_at_Amin_Fem_GP_1",8.60618,9.40573,7.01357,8.60184,8.52381,8.42312,8.18324,8.41843,8.55954,8.88173,8.46708,8.46297,8.60551,8.46684,8.46427,8.60619,8.71495,8.42818,8.53938,8.66542,9.40573,8.85795,6.5791,10.8265,8.92016,10,8.46431
"92",NA,"L_at_Amax_Fem_GP_1",63.4541,63.1913,64.1151,63.4636,63.3969,63.5074,63.4803,63.5083,63.4836,63.3829,63.415,63.4169,63.4546,63.4101,63.4147,63.4541,63.4839,63.3997,63.4253,63.4724,63.1913,63.3447,64.9948,62.1504,63.2228,62.3595,63.4146
"93",NA,"VonBert_K_Fem_GP_1",0.0649209,0.0638496,0.0682512,0.0649414,0.0654617,0.0646381,0.064966,0.0646313,0.0647522,0.0651522,0.0652936,0.0652842,0.0649189,0.0653243,0.0653013,0.0649209,0.0645935,0.0654359,0.0651559,0.064736,0.0638496,0.0646694,0.0667421,0.0617775,0.0645001,0.0625281,0.0653014
"94",NA,"CV_young_Fem_GP_1",0.189159,0.17969,0.188988,0.191245,0.181747,0.191716,0.193444,0.191785,0.189749,0.186803,0.189636,0.189686,0.189171,0.189599,0.189647,0.189159,0.189045,0.189571,0.189127,0.189116,0.17969,0.180409,0.203783,0.181393,0.185838,0.190284,0.189647
"95",NA,"CV_old_Fem_GP_1",0.0547888,0.0575194,0.0555833,0.0544567,0.0555375,0.0538102,0.0533313,0.0537822,0.0546229,0.0553384,0.0547701,0.0547572,0.0547842,0.0547893,0.0547717,0.0547888,0.0548106,0.0547786,0.054803,0.054797,0.0575194,0.0560404,0.0546345,0.0690965,0.0548416,0.0558438,0.0547718
"96",NA,"Wtlen_1_Fem",7.31281e-06,7.31281e-06,7.31281e-06,7.31281e-06,7.31281e-06,7.31281e-06,7.31281e-06,7.31281e-06,7.31281e-06,7.31281e-06,9.7659e-06,7.31281e-06,7.31281e-06,7.31281e-06,7.31281e-06,7.31281e-06,7.31281e-06,7.31281e-06,7.31281e-06,7.31281e-06,7.31281e-06,7.31281e-06,7.31281e-06,7.31281e-06,7.31281e-06,7.5103e-06,7.31281e-06
"97",NA,"Wtlen_2_Fem",3.24248,3.24248,3.24248,3.24248,3.24248,3.24248,3.24248,3.24248,3.24248,3.24248,3.17125,3.24248,3.24248,3.24248,3.24248,3.24248,3.24248,3.24248,3.24248,3.24248,3.24248,3.24248,3.24248,3.24248,3.24248,3.24024,3.24248
"98",NA,"Mat50%_Fem",42.0705,42.0705,42.0705,42.0705,42.0705,42.0705,42.0705,42.0705,42.0705,42.0705,42.0705,38.78,41.765,42.0705,42.0705,42.0705,42.0705,42.0705,42.0705,42.0705,42.0705,42.0705,42.0705,42.0705,42.0705,42.0705,42.0705
"99",NA,"Mat_slope_Fem",-0.402214,-0.402214,-0.402214,-0.402214,-0.402214,-0.402214,-0.402214,-0.402214,-0.402214,-0.402214,-0.402214,-0.437,-0.36886,-0.402214,-0.402214,-0.402214,-0.402214,-0.402214,-0.402214,-0.402214,-0.402214,-0.402214,-0.402214,-0.402214,-0.402214,-0.402214,-0.402214
"100",NA,"Eggs_scalar_Fem",7.21847e-08,7.21847e-08,7.21847e-08,7.21847e-08,7.21847e-08,7.21847e-08,7.21847e-08,7.21847e-08,7.21847e-08,7.21847e-08,7.21847e-08,7.21847e-08,7.21847e-08,NA,7.21847e-08,7.21847e-08,7.21847e-08,7.21847e-08,7.21847e-08,7.21847e-08,7.21847e-08,7.21847e-08,7.21847e-08,7.21847e-08,7.21847e-08,7.21847e-08,7.21847e-08
"101",NA,"Eggs_exp_len_Fem",4.043,4.043,4.043,4.043,4.043,4.043,4.043,4.043,4.043,4.043,4.043,4.043,4.043,NA,4.043,4.043,4.043,4.043,4.043,4.043,4.043,4.043,4.043,4.043,4.043,4.043,4.043
"102",NA,"RecrDist_GP_1",1,1,1,1,1,1,1,1,1,1,1,1,1,1,1,1,1,1,1,1,1,1,1,1,1,1,1
"103",NA,"RecrDist_Area_1",0,0,0,0,0,0,0,0,0,0,0,0,0,0,0,0,0,0,0,0,0,0,0,0,1,0,0
"104",NA,"RecrDist_Area_2",0.414894,0.425273,0.351393,0.406374,0.402593,0.60242,0.768949,0.610127,0.428935,0.388414,0.40996,0.408688,0.414941,0.407318,0.407894,0.414893,0.187946,0.52332,0.593142,0.286045,0.425273,0.436646,1.7923,0.63615,NA,0.402301,0.407893
"105",NA,"RecrDist_month_1",1,1,1,1,1,1,1,1,1,1,1,1,1,1,1,1,1,1,1,1,1,1,1,1,1,1,1
"106",NA,"CohortGrowDev",1,1,1,1,1,1,1,1,1,1,1,1,1,1,1,1,1,1,1,1,1,1,1,1,1,1,1
"107",NA,"FracFemale_GP_1",0.5,0.5,0.5,0.5,0.5,0.5,0.5,0.5,0.5,0.5,0.5,0.5,0.5,0.5,0.5,0.5,0.5,0.5,0.5,0.5,0.5,0.5,0.5,0.5,0.5,0.5,0.5
"108",NA,"SR_LN(R0)",5.39305,5.43005,5.2634,5.38166,5.38292,6.14155,6.57644,6.16587,5.38937,5.39957,5.38236,5.38727,5.3931,5.38644,4.69364,5.79852,4.96373,5.69156,5.23719,5.53249,5.43005,5.38244,6.35462,5.60068,5.38502,5.4785,5.3868
"109",NA,"SR_BH_steep",0.718,0.718,0.718,0.718,0.718,0.718,0.718,0.718,0.945503,0.418705,0.718,0.718,0.718,0.718,0.718,0.718,0.718,0.718,0.718,0.718,0.718,0.718,0.718,0.718,0.718,0.718,0.718
"110",NA,"SR_sigmaR",0.5,0.5,0.5,0.5,0.5,0.5,0.5,0.5,0.5,0.5,0.5,0.5,0.5,0.5,0.5,0.5,0.5,0.5,0.5,0.5,0.5,0.5,0.5,0.5,0.5,0.5,0.5
"111",NA,"SR_regime",0,0,0,0,0,0,0,0,0,0,0,0,0,0,0,0,0,0,0,0,0,0,0,0,0,0,0
"112",NA,"SR_autocorr",0,0,0,0,0,0,0,0,0,0,0,0,0,0,0,0,0,0,0,0,0,0,0,0,0,0,0
"113",NA,"Early_RecrDev_1889",-0.0139758,0.00245579,-0.0447194,-0.0146338,-0.0116867,0.0448823,0.0567138,0.045809,-0.00497825,-0.0336387,-0.0125255,-0.012588,-0.013959,-0.0129631,-0.012817,-0.0139771,-0.0151644,-0.0136895,-0.0159932,-0.014225,0.00245581,NA,0.00445808,0.0164996,-0.0380824,-0.0114885,-0.0128206
"114",NA,"Early_RecrDev_1890",-0.0144311,0.00262413,-0.0461939,-0.015113,-0.0120658,0.0469691,0.0595845,0.0479508,-0.00521012,-0.0342583,-0.0129342,-0.0130015,-0.0144163,-0.0133711,-0.0132349,-0.0144324,-0.0156638,-0.0141353,-0.0165132,-0.0146909,0.00262414,NA,0.00468264,0.0170556,-0.0393408,-0.011883,-0.0132388
"115",NA,"Early_RecrDev_1891",-0.014898,0.00280523,-0.0477117,-0.0156038,-0.0124534,0.0491712,0.0626271,0.0502118,-0.00545224,-0.0348809,-0.0133531,-0.0134256,-0.0148857,-0.0137885,-0.0136637,-0.0148995,-0.0161767,-0.0145924,-0.0170467,-0.015169,0.00280525,NA,0.00492434,0.0176289,-0.040637,-0.0122886,-0.0136675
"116",NA,"Early_RecrDev_1892",-0.0153797,0.00299588,-0.0492749,-0.0161092,-0.0128523,0.0514946,0.0658537,0.0525982,-0.00570839,-0.035508,-0.0137852,-0.0138635,-0.0153698,-0.0142181,-0.0141058,-0.015381,-0.0167065,-0.015064,-0.0175967,-0.0156621,0.00299589,NA,0.00518503,0.0182233,-0.041975,-0.0127082,-0.0141098
"117",NA,"Early_RecrDev_1893",-0.0158717,0.00319927,-0.0508803,-0.0166246,-0.0132581,0.0539494,0.06928,0.0551198,-0.0059754,-0.0361301,-0.0142265,-0.014311,-0.0158647,-0.0146557,-0.0145574,-0.0158729,-0.017249,-0.0155457,-0.0181587,-0.0161665,0.0031993,NA,0.00546862,0.0188361,-0.0433509,-0.0131374,-0.0145615
"118",NA,"Early_RecrDev_1894",-0.0163798,0.00340812,-0.0525328,-0.0171555,-0.013676,0.0565438,0.072923,0.0577876,-0.00625882,-0.0367559,-0.0146826,-0.0147742,-0.0163761,-0.0151074,-0.015024,-0.016381,-0.0178103,-0.0160431,-0.0187386,-0.0166882,0.00340815,NA,0.00577809,0.0194677,-0.0447722,-0.0135817,-0.0150283
"119",NA,"Early_RecrDev_1895",-0.016904,0.00362083,-0.0542333,-0.0177013,-0.0141055,0.0592886,0.0768021,0.0606098,-0.00655947,-0.0373828,-0.0151533,-0.0152525,-0.0169038,-0.0155732,-0.0155058,-0.0169056,-0.0183904,-0.016556,-0.0193363,-0.017227,0.00362082,NA,0.00611035,0.0201187,-0.0462409,-0.0140424,-0.0155101
"120",NA,"Early_RecrDev_1896",-0.0174461,0.00383306,-0.0559842,-0.0182631,-0.0145477,0.0621956,0.0809397,0.0636006,-0.00687959,-0.0380136,-0.0156401,-0.0157484,-0.0174498,-0.0160537,-0.0160037,-0.0174476,-0.0189914,-0.017086,-0.0199537,-0.0177846,0.00383305,NA,0.00646792,0.0207894,-0.047757,-0.0145231,-0.0160083
"121",NA,"Early_RecrDev_1897",-0.0180072,0.00403814,-0.0577859,-0.0188413,-0.0150033,0.0652757,0.0853579,0.0667711,-0.00722139,-0.0386448,-0.0161439,-0.0162618,-0.0180149,-0.016551,-0.0165192,-0.0180088,-0.0196148,-0.0176337,-0.0205915,-0.0183623,0.00403816,NA,0.00685101,0.0214663,-0.0493237,-0.0150283,-0.0165236
"122",NA,"Early_RecrDev_1898",-0.0185814,0.00423653,-0.0596334,-0.0194297,-0.0154676,0.0685445,0.0900842,0.0701377,-0.00758009,-0.0392674,-0.0166594,-0.0167888,-0.0185934,-0.017059,-0.0170463,-0.018583,-0.0202546,-0.0181942,-0.0212441,-0.0189543,0.00423655,NA,0.00727226,0.0221707,-0.0509339,-0.0155482,-0.0170512
"123",NA,"Early_RecrDev_1899",-0.0191681,0.00441949,-0.0615239,-0.0200242,-0.0159405,0.0720157,0.0951462,0.0737145,-0.00795576,-0.0398782,-0.017186,-0.0173283,-0.0191844,-0.017578,-0.0175853,-0.0191695,-0.0209104,-0.0187664,-0.0219107,-0.0195603,0.00441947,NA,0.00773532,0.0228916,-0.0525895,-0.0160929,-0.01759
"124",NA,"Early_RecrDev_1900",-0.0197894,0.0045511,-0.0634773,-0.0206553,-0.0164465,0.0756791,0.100554,0.0774924,-0.00837334,-0.0404937,-0.0177442,-0.017901,-0.0198102,-0.018128,-0.0181558,-0.0197911,-0.0216061,-0.0193704,-0.022612,-0.0202032,0.00455116,NA,0.00820662,0.0236328,-0.0543084,-0.0166797,-0.0181609
"125",NA,"Early_RecrDev_1901",-0.0204135,0.00467287,-0.0654975,-0.021295,-0.0169386,0.0795783,0.106364,0.081516,-0.00880068,-0.0410807,-0.0183032,-0.0184771,-0.0204387,-0.0186795,-0.0187276,-0.0204153,-0.0223086,-0.0199759,-0.0233176,-0.0208507,0.00467288,NA,0.00870673,0.0243947,-0.0560543,-0.0172927,-0.0187328
"126",NA,"Early_RecrDev_1902",-0.0210322,0.00476948,-0.0675608,-0.0219418,-0.0174192,0.0837304,0.112613,0.085803,-0.00923042,-0.0416296,-0.018856,-0.0190488,-0.0210617,-0.0192251,-0.0192937,-0.021034,-0.0230097,-0.0205757,-0.0240195,-0.021494,0.00476952,NA,0.00927164,0.0251743,-0.0578244,-0.017908,-0.0192988
"127",NA,"Early_RecrDev_1903",-0.0217121,0.00471251,-0.0696617,-0.0226436,-0.0179528,0.0880777,0.119269,0.0902966,-0.00973184,-0.042199,-0.0194676,-0.019682,-0.0217458,-0.0198305,-0.0199187,-0.0217139,-0.0237766,-0.021235,-0.0247825,-0.0222008,0.00471252,NA,0.00987086,0.0259074,-0.0596908,-0.0185768,-0.0199244
"128",NA,"Early_RecrDev_1904",-0.0223953,0.00448488,-0.0717901,-0.0233562,-0.0184847,0.0926903,0.126422,0.0950683,-0.010248,-0.0427294,-0.0200808,-0.0203191,-0.0224326,-0.0204387,-0.0205458,-0.0223973,-0.0245522,-0.0218957,-0.0255497,-0.0229128,0.00448487,NA,0.010534,0.026675,-0.0615887,-0.0192838,-0.0205514
"129",NA,"Early_RecrDev_1905",-0.0230702,0.00417697,-0.0739321,-0.0240743,-0.0190074,0.0975756,0.134102,0.100126,-0.0107676,-0.0432068,-0.0206838,-0.0209482,-0.0231107,-0.0210379,-0.0211631,-0.023072,-0.0253242,-0.0225464,-0.0263085,-0.0236192,0.004177,NA,0.0112717,0.0274603,-0.0635035,-0.0200231,-0.0211688
"130",NA,"Early_RecrDev_1906",-0.0237344,0.00374718,-0.0760811,-0.02481,-0.0195225,0.102737,0.142334,0.105474,-0.0112904,-0.0436256,-0.0212741,-0.021567,-0.023778,-0.0216269,-0.0217675,-0.0237362,-0.0260912,-0.0231839,-0.0270571,-0.0243169,0.00374724,NA,0.0120957,0.0282777,-0.0654336,-0.0207948,-0.0217735
"131",NA,"Early_RecrDev_1907",-0.0243428,0.0031317,-0.0782102,-0.0255331,-0.0199946,0.108204,0.151164,0.111142,-0.0117703,-0.0439411,-0.0218076,-0.022131,-0.0243886,-0.0221608,-0.022316,-0.0243448,-0.0268069,-0.0237651,-0.0277498,-0.0249614,0.00313171,NA,0.0130443,0.0291673,-0.0673258,-0.0215745,-0.0223219
"132",NA,"Early_RecrDev_1908",-0.0249264,0.00235333,-0.0803194,-0.0262874,-0.0204606,0.113926,0.160568,0.117082,-0.0122406,-0.0441804,-0.022314,-0.0226691,-0.0249738,-0.0226707,-0.0228372,-0.0249285,-0.0275031,-0.0243185,-0.0284176,-0.0255827,0.00235331,NA,0.0141048,0.0300661,-0.0692129,-0.0223923,-0.0228434
"133",NA,"Early_RecrDev_1909",-0.0254982,0.00128157,-0.0824037,-0.0270935,-0.0209418,0.119848,0.170499,0.123235,-0.0127154,-0.0443546,-0.0228064,-0.0231941,-0.0255467,-0.0231687,-0.0233447,-0.0255003,-0.0281939,-0.0248564,-0.0290711,-0.0261962,0.00128156,NA,0.0152654,0.0310394,-0.0710995,-0.023272,-0.0233511
"134",NA,"Early_RecrDev_1910",-0.0260518,-1.11967e-05,-0.0844614,-0.0279373,-0.0214448,0.125921,0.180911,0.129554,-0.0131871,-0.0444615,-0.0232793,-0.0236997,-0.0261006,-0.0236506,-0.0238329,-0.0260538,-0.0288708,-0.0253742,-0.0297061,-0.0267927,-1.11852e-05,NA,0.0165381,0.0320295,-0.0729719,-0.0242064,-0.0238394
"135",NA,"Early_RecrDev_1911",-0.026598,-0.00157767,-0.0865126,-0.0287915,-0.0219867,0.132057,0.191703,0.135947,-0.013667,-0.0445129,-0.0237443,-0.0241962,-0.0266467,-0.0241272,-0.0243131,-0.0266006,-0.0295447,-0.0258826,-0.030331,-0.027385,-0.00157767,NA,0.0179063,0.0330441,-0.0748283,-0.0252059,-0.0243198
"136",NA,"Early_RecrDev_1912",-0.0271564,-0.0033204,-0.0885704,-0.0295751,-0.0225879,0.13815,0.202744,0.142308,-0.0141738,-0.0445313,-0.0242204,-0.0247029,-0.0272042,-0.0246179,-0.0248046,-0.0271584,-0.0302341,-0.0264002,-0.0309666,-0.0279907,-0.0033204,NA,0.0193345,0.0340693,-0.0766781,-0.0262449,-0.0248113
"137",NA,"Early_RecrDev_1913",-0.0278235,-0.00520592,-0.0907072,-0.0302227,-0.0233331,0.14397,0.21375,0.148402,-0.0148066,-0.0446142,-0.0248051,-0.0253155,-0.0278702,-0.0252192,-0.0254042,-0.0278259,-0.0310357,-0.0270241,-0.0317062,-0.0287081,-0.00520591,NA,0.0207131,0.0350325,-0.0786023,-0.0273772,-0.0254112
"138",NA,"Early_RecrDev_1914",-0.0286956,-0.0071302,-0.0930132,-0.0306018,-0.0242953,0.14926,0.224375,0.153965,-0.0156606,-0.0448623,-0.025595,-0.0261308,-0.0287406,-0.0260282,-0.0262087,-0.0286982,-0.0320442,-0.0278496,-0.0326469,-0.029631,-0.00713017,NA,0.0219208,0.0358403,-0.0806767,-0.0286359,-0.0262159
"139",NA,"Early_RecrDev_1915",-0.0299534,-0.00918899,-0.0956249,-0.030628,-0.0256144,0.153624,0.234085,0.158596,-0.0169185,-0.0454598,-0.0267726,-0.02733,-0.0299962,-0.0272259,-0.0274,-0.0299557,-0.0334384,-0.0290591,-0.0339674,-0.0309419,-0.00918901,NA,0.0227716,0.0363194,-0.0830619,-0.030091,-0.0274074
"140",NA,"Early_RecrDev_1916",-0.0317572,-0.0112295,-0.0986815,-0.0302021,-0.0274014,0.156685,0.24233,0.161907,-0.0187408,-0.0465727,-0.028499,-0.0290746,-0.0317976,-0.0289736,-0.0291395,-0.0317596,-0.0353762,-0.0308134,-0.035828,-0.0327974,-0.0112294,NA,0.0230745,0.03632,-0.0858933,-0.0318025,-0.0291469
"141",NA,"Early_RecrDev_1917",-0.0343272,-0.0132731,-0.102339,-0.0294219,-0.0298203,0.157985,0.248435,0.163428,-0.0213489,-0.04843,-0.030997,-0.0315866,-0.0343649,-0.0314937,-0.0316492,-0.0343298,-0.0380747,-0.0333349,-0.0384482,-0.0354181,-0.0132731,NA,0.0226071,0.0356327,-0.08937,-0.0338518,-0.0316568
"142",NA,"Early_RecrDev_1918",-0.0379507,-0.0154322,-0.106686,-0.0287435,-0.0331043,0.156754,0.251226,0.16237,-0.0250432,-0.0513084,-0.0345573,-0.0351564,-0.0379854,-0.0350749,-0.0352191,-0.0379533,-0.0418155,-0.0369113,-0.0421107,-0.0390889,-0.0154321,NA,0.0210183,0.0339564,-0.093708,-0.0363992,-0.0352266
"143",NA,"Early_RecrDev_1919",-0.0429012,-0.0178823,-0.111857,-0.0289838,-0.0374968,0.152587,0.250098,0.158321,-0.0300979,-0.0554709,-0.0394524,-0.0400567,-0.0429329,-0.03999,-0.0401217,-0.0429036,-0.0468724,-0.0418152,-0.0470892,-0.0440834,-0.0178823,NA,0.0180201,0.0310773,-0.09918,-0.0396672,-0.0401293
"144",NA,"Early_RecrDev_1920",-0.0493736,-0.0208933,-0.117853,-0.0312911,-0.043209,0.145162,0.244508,0.150947,-0.0366978,-0.0611626,-0.0458773,-0.0464827,-0.0494024,-0.046433,-0.0465518,-0.0493762,-0.053435,-0.0482444,-0.0535825,-0.0505938,-0.0208933,NA,0.0133998,0.0268156,-0.105975,-0.043814,-0.0465596
"145",NA,"Early_RecrDev_1921",-0.057436,-0.0248296,-0.124478,-0.0369484,-0.0503803,0.134325,0.234168,0.140093,-0.0449141,-0.0684424,-0.0539011,-0.0545026,-0.0574621,-0.0544718,-0.0545784,-0.0574387,-0.0615692,-0.0562669,-0.0616578,-0.0586869,-0.0248295,NA,0.00705783,0.0210752,-0.114144,-0.0489515,-0.0545861
"146",NA,"Early_RecrDev_1922",-0.0670229,-0.0301383,-0.131393,-0.0470174,-0.0590623,0.120224,0.219234,0.125907,-0.0546774,-0.0772545,-0.0634576,-0.0640503,-0.0670469,-0.0640401,-0.0641353,-0.0670254,-0.0712082,-0.0658179,-0.0712511,-0.0682965,-0.0301383,NA,-0.00095288,0.0138709,-0.123618,-0.0551189,-0.0641431
"147",NA,"Early_RecrDev_1923",-0.0779142,-0.0372893,-0.138126,-0.061865,-0.0691761,0.103309,0.200314,0.108846,-0.0657597,-0.0873956,-0.0743262,-0.0749048,-0.0779371,-0.0749167,-0.0750021,-0.0779168,-0.0821314,-0.0766774,-0.0821443,-0.0792024,-0.0372893,NA,-0.0104059,0.00534821,-0.134189,-0.0622549,-0.0750098
"148",NA,"Early_RecrDev_1924",-0.0897245,-0.0466788,-0.14411,-0.0808117,-0.0804754,0.0843018,0.178395,0.0896469,-0.0777674,-0.0984879,-0.08612,-0.0866785,-0.0897473,-0.0867144,-0.0867924,-0.0897271,-0.0939545,-0.0884607,-0.0939541,-0.0910189,-0.0466788,NA,-0.0208974,-0.00421448,-0.145494,-0.0701809,-0.0868001
"149",NA,"Early_RecrDev_1925",-0.101913,-0.0584943,-0.148757,-0.102131,-0.0925107,0.0641501,0.154749,0.0692736,-0.090152,-0.109995,-0.0982975,-0.0988289,-0.101937,-0.0988915,-0.0989649,-0.101916,-0.106139,-0.100627,-0.106142,-0.103206,-0.0584942,NA,-0.0318556,-0.0144171,-0.157022,-0.0786103,-0.0989726
"150",NA,"Early_RecrDev_1926",-0.113776,-0.0726007,-0.151513,-0.123397,-0.104626,0.0440005,0.130862,0.0488899,-0.102196,-0.12123,-0.110155,-0.110653,-0.113804,-0.110744,-0.110816,-0.113779,-0.11798,-0.112476,-0.118011,-0.115059,-0.0726007,NA,-0.0425146,-0.0247473,-0.168112,-0.0871323,-0.110824
"151",NA,"Early_RecrDev_1927",-0.124483,-0.0884885,-0.151905,-0.142065,-0.115998,0.0250905,0.108273,0.0297488,-0.113056,-0.131366,-0.120861,-0.121319,-0.124515,-0.121442,-0.121516,-0.124485,-0.128645,-0.12318,-0.128735,-0.125745,-0.0884885,NA,-0.05195,-0.0345944,-0.177979,-0.0952452,-0.121524
"152",NA,"Early_RecrDev_1928",-0.133189,-0.105323,-0.149639,-0.156049,-0.125747,0.00859442,0.0883936,0.0130373,-0.121877,-0.139574,-0.129573,-0.129988,-0.133228,-0.130145,-0.130223,-0.133192,-0.137287,-0.131904,-0.137481,-0.134418,-0.105323,NA,-0.0591902,-0.0433795,-0.185825,-0.10246,-0.130231
"153",NA,"Early_RecrDev_1929",-0.13916,-0.122063,-0.144671,-0.164038,-0.133081,-0.00451538,0.0723597,-0.000263505,-0.127903,-0.145158,-0.135558,-0.135927,-0.139206,-0.136118,-0.136204,-0.139163,-0.143162,-0.137919,-0.143525,-0.140334,-0.122063,NA,-0.0633239,-0.0506538,-0.190963,-0.108364,-0.136211
"154",NA,"Early_RecrDev_1930",-0.141975,-0.137615,-0.137335,-0.165584,-0.137473,-0.0137355,0.060737,-0.00964709,-0.130699,-0.147719,-0.138396,-0.13872,-0.142029,-0.138947,-0.13904,-0.141977,-0.145842,-0.140813,-0.146457,-0.143072,-0.137615,NA,-0.0637595,-0.0562603,-0.19301,-0.112732,-0.139048
"155",NA,"Early_RecrDev_1931",-0.14182,-0.151055,-0.128565,-0.161119,-0.138899,-0.0193865,0.0531303,-0.0154382,-0.130464,-0.147415,-0.138279,-0.138562,-0.141882,-0.138821,-0.138923,-0.141822,-0.145512,-0.140778,-0.146462,-0.142815,-0.151055,NA,-0.0605173,-0.0604958,-0.19217,-0.115669,-0.138931
"156",NA,"Early_RecrDev_1932",-0.139586,-0.161734,-0.120071,-0.1518,-0.137955,-0.0226641,0.0481509,-0.0188429,-0.12809,-0.145154,-0.136098,-0.13635,-0.139655,-0.136635,-0.136743,-0.139588,-0.14306,-0.138701,-0.144429,-0.140454,-0.161734,NA,-0.0543362,-0.0641638,-0.189333,-0.117649,-0.136751
"157",NA,"Early_RecrDev_1933",-0.136826,-0.169285,-0.114205,-0.139389,-0.135783,-0.0256224,0.0434249,-0.0219327,-0.125178,-0.142407,-0.133403,-0.133641,-0.1369,-0.13394,-0.134051,-0.136829,-0.140049,-0.136123,-0.141892,-0.137548,-0.169285,NA,-0.0468335,-0.0684545,-0.186002,-0.119478,-0.134059
"158",NA,"Early_RecrDev_1934",-0.135558,-0.173765,-0.113517,-0.126428,-0.134015,-0.0309144,0.0358646,-0.0273839,-0.123799,-0.141093,-0.132207,-0.132451,-0.135635,-0.132746,-0.132856,-0.135561,-0.138503,-0.135043,-0.140845,-0.136125,-0.173765,NA,-0.0403021,-0.0746788,-0.184116,-0.122096,-0.132864
"159",NA,"Early_RecrDev_1935",-0.137552,-0.175647,-0.11983,-0.116048,-0.134288,-0.0408925,0.0227045,-0.037571,-0.125791,-0.142865,-0.134274,-0.134547,-0.137628,-0.134818,-0.134921,-0.137555,-0.140194,-0.137214,-0.143043,-0.137955,-0.175646,NA,-0.0371097,-0.0837431,-0.185343,-0.126215,-0.134929
"160",NA,"Early_RecrDev_1936",-0.143521,-0.175842,-0.133208,-0.111345,-0.13765,-0.0565335,0.00277023,-0.0534807,-0.131897,-0.14837,-0.140307,-0.140631,-0.143592,-0.140859,-0.140949,-0.143524,-0.145825,-0.143346,-0.149199,-0.143747,-0.175842,NA,-0.0387313,-0.0956927,-0.190312,-0.132005,-0.140957
"161",NA,"Early_RecrDev_1937",-0.152528,-0.175544,-0.151494,-0.114267,-0.143984,-0.0767657,-0.0227801,-0.0740368,-0.141194,-0.156617,-0.149371,-0.149755,-0.152591,-0.149934,-0.150003,-0.15253,-0.154443,-0.152511,-0.158397,-0.152554,-0.175544,NA,-0.0448757,-0.10949,-0.19805,-0.138843,-0.150011
"162",NA,"Early_RecrDev_1938",-0.162187,-0.176032,-0.170951,-0.124652,-0.151895,-0.0987417,-0.0507878,-0.0963748,-0.151248,-0.165301,-0.159082,-0.159526,-0.16224,-0.159662,-0.159702,-0.16219,-0.163651,-0.162348,-0.168281,-0.16198,-0.176032,NA,-0.0533379,-0.123123,-0.206218,-0.145461,-0.15971
"163",NA,"Early_RecrDev_1939",-0.169402,-0.17816,-0.187576,-0.140005,-0.158963,-0.118836,-0.0772708,-0.116851,-0.15892,-0.17137,-0.166347,-0.166838,-0.169443,-0.166952,-0.166954,-0.169404,-0.170357,-0.169766,-0.175765,-0.16893,-0.17816,NA,-0.060726,-0.134018,-0.2118,-0.150257,-0.166962
"164",NA,"Early_RecrDev_1940",-0.171357,-0.181808,-0.198662,-0.156345,-0.162412,-0.13385,-0.0987727,-0.132252,-0.161348,-0.172092,-0.168353,-0.168873,-0.171384,-0.168993,-0.168947,-0.17136,-0.171762,-0.171953,-0.178032,-0.170594,-0.181808,NA,-0.0636474,-0.139475,-0.212072,-0.151708,-0.168955
"165",NA,"Early_RecrDev_1941",-0.165782,-0.185189,-0.20355,-0.168815,-0.159424,-0.141342,-0.112735,-0.140131,-0.156268,-0.16514,-0.162832,-0.163356,-0.165795,-0.163512,-0.163414,-0.165785,-0.165617,-0.166626,-0.172795,-0.164715,-0.185189,NA,-0.0594003,-0.136808,-0.204825,-0.148371,-0.163421
"166",NA,"Early_RecrDev_1942",-0.150456,-0.18447,-0.203525,-0.171724,-0.147027,-0.139024,-0.116819,-0.138197,-0.141461,-0.148255,-0.14756,-0.14807,-0.150455,-0.148286,-0.148131,-0.150458,-0.149712,-0.15156,-0.157826,-0.149077,-0.18447,NA,-0.045609,-0.123253,-0.187904,-0.138673,-0.148139
"167",NA,"Early_RecrDev_1943",-0.122348,-0.173872,-0.200897,-0.158383,-0.121627,-0.123896,-0.108013,-0.123451,-0.113871,-0.118404,-0.119506,-0.119987,-0.122333,-0.12028,-0.12007,-0.12235,-0.121006,-0.123735,-0.130118,-0.12064,-0.173872,NA,-0.0192041,-0.0959422,-0.158383,-0.120781,-0.120077
"168",NA,"Early_RecrDev_1944",-0.0773438,-0.14637,-0.19763,-0.12133,-0.0788108,-0.0920823,-0.0824911,-0.0920211,-0.0693944,-0.0713171,-0.0745461,-0.0749942,-0.0773156,-0.0753788,-0.0751097,-0.0773462,-0.075363,-0.0790559,-0.0856025,-0.0752762,-0.14637,NA,0.024298,-0.0524211,-0.112313,-0.0929391,-0.0751171
"169",NA,"Early_RecrDev_1945",-0.0119281,-0.0956599,-0.194519,-0.0540244,-0.0147062,-0.0406179,-0.0374132,-0.0409542,-0.00441893,-0.00353195,-0.00914198,-0.00955977,-0.0118849,-0.0100528,-0.00971553,-0.0119307,-0.00922578,-0.014034,-0.0208588,-0.00943467,-0.0956599,NA,0.0899136,0.00745832,-0.0464647,-0.0548794,-0.00972304
"170",NA,"Early_RecrDev_1946",0.0731147,-0.0190733,-0.189406,0.0460509,0.0706968,0.0286607,0.0250949,0.0278894,0.0803616,0.0841676,0.0759629,0.0755667,0.0731768,0.0749363,0.0753641,0.073112,0.0766356,0.0705425,0.0632468,0.076118,-0.0190733,NA,0.179689,0.0782716,0.0381428,-0.00949557,0.0753562
"171",NA,"Early_RecrDev_1947",0.166109,0.0768494,-0.175922,0.17001,0.166747,0.102855,0.0917781,0.101586,0.173331,0.180072,0.169134,0.168755,0.166196,0.167936,0.168494,0.166106,0.170458,0.163062,0.155063,0.169665,0.0768494,NA,0.2856,0.144536,0.129985,0.0354735,0.168486
"172",NA,"Early_RecrDev_1948",0.236334,0.167679,-0.14343,0.280916,0.242323,0.152186,0.133024,0.150377,0.243335,0.253786,0.239606,0.239265,0.236451,0.238202,0.238928,0.236331,0.241147,0.233052,0.224371,0.240242,0.16768,NA,0.376057,0.179122,0.199846,0.0673264,0.238919
"173",NA,"Early_RecrDev_1949",0.236561,0.205393,-0.0809513,0.299341,0.246375,0.136804,0.110784,0.134566,0.242801,0.256025,0.239885,0.239645,0.236697,0.238373,0.239224,0.236558,0.241063,0.233562,0.224925,0.240287,0.205393,NA,0.387104,0.15425,0.203469,0.0700135,0.239215
"174",NA,"Early_RecrDev_1950",0.146847,0.152661,0.0157388,0.186563,0.156685,0.0421528,0.0120421,0.0397096,0.151858,0.166037,0.149883,0.149785,0.146979,0.148443,0.149303,0.146844,0.150559,0.14444,0.136717,0.149997,0.152661,NA,0.284215,0.0670909,0.120769,0.0309787,0.149295
"175",NA,"Early_RecrDev_1951",0.00293959,0.034938,0.139279,0.0120342,0.0124325,-0.102036,-0.134685,-0.104571,0.00695988,0.0210419,0.00557851,0.00560224,0.00305918,0.00427411,0.00507893,0.00293713,0.00612248,0.000921647,-0.00580221,0.00565179,0.034938,NA,0.117793,-0.0554346,-0.0159733,-0.0470448,0.0050717
"176",NA,"Early_RecrDev_1952",-0.145514,-0.092766,0.264841,-0.15396,-0.134758,-0.252313,-0.287649,-0.254959,-0.142147,-0.127866,-0.143225,-0.143117,-0.145406,-0.144424,-0.143671,-0.145517,-0.142476,-0.147441,-0.153474,-0.142977,-0.092766,NA,-0.051111,-0.178997,-0.158334,-0.14273,-0.143678
"177",NA,"Early_RecrDev_1953",-0.26617,-0.195383,0.335363,-0.279726,-0.253643,-0.377688,-0.416441,-0.380506,-0.263236,-0.248275,-0.264175,-0.264008,-0.266068,-0.265309,-0.26459,-0.266172,-0.263027,-0.268205,-0.273811,-0.263625,-0.195383,NA,-0.188846,-0.278798,-0.273482,-0.229462,-0.264596
"178",NA,"Early_RecrDev_1954",-0.343374,-0.261856,0.289638,-0.35393,-0.330703,-0.462113,-0.505036,-0.465159,-0.340703,-0.3249,-0.341646,-0.341439,-0.343275,-0.342743,-0.342041,-0.343377,-0.339956,-0.345653,-0.350999,-0.3407,-0.261856,NA,-0.280731,-0.342236,-0.345239,-0.288352,-0.342047
"179",NA,"Early_RecrDev_1955",-0.370209,-0.293943,0.168843,-0.372572,-0.361031,-0.498497,-0.54639,-0.501828,-0.367737,-0.350788,-0.368744,-0.36851,-0.37011,-0.36982,-0.369124,-0.370211,-0.366373,-0.372848,-0.378051,-0.367304,-0.293943,NA,-0.320994,-0.365423,-0.366435,-0.310073,-0.36913
"180",NA,"Early_RecrDev_1956",-0.344444,-0.296003,0.0601689,-0.335167,-0.342731,-0.48512,-0.538984,-0.488808,-0.342073,-0.323833,-0.343229,-0.342983,-0.344343,-0.3443,-0.343598,-0.344446,-0.340037,-0.347556,-0.352751,-0.341203,-0.296003,NA,-0.307989,-0.351296,-0.334911,-0.292733,-0.343604
"181",NA,"Early_RecrDev_1957",-0.271874,-0.271266,0.00379008,-0.248762,-0.278479,-0.428918,-0.490071,-0.433061,-0.269533,-0.249686,-0.27085,-0.270604,-0.271768,-0.271926,-0.271207,-0.271876,-0.266813,-0.275499,-0.280883,-0.268221,-0.271266,NA,-0.247581,-0.311813,-0.256662,-0.243461,-0.271213
"182",NA,"Early_RecrDev_1958",-0.172862,-0.224823,-0.00434912,-0.137542,-0.18258,-0.351189,-0.421037,-0.355902,-0.170589,-0.148434,-0.171887,-0.17166,-0.172751,-0.172959,-0.172222,-0.172865,-0.167291,-0.176826,-0.182628,-0.168852,-0.224823,NA,-0.160019,-0.267924,-0.151692,-0.181522,-0.17223
"183",NA,"Early_RecrDev_1959",-0.0869048,-0.172411,0.00564173,-0.0520155,-0.0905631,-0.289307,-0.368132,-0.294638,-0.0849851,-0.059495,-0.0857107,-0.0855243,-0.0867927,-0.0867001,-0.0859858,-0.0869073,-0.0814563,-0.090573,-0.096941,-0.0828952,-0.172411,NA,-0.0828824,-0.243477,-0.0580571,-0.134337,-0.0859937
"184",NA,"Early_RecrDev_1960",-0.0805529,-0.163408,0.0128487,-0.0629573,-0.0758469,-0.298042,-0.382324,-0.303775,-0.0796741,-0.0504587,-0.0788571,-0.0787345,-0.0804571,-0.0795876,-0.0790055,-0.0805553,-0.0764017,-0.0828161,-0.08947,-0.0772843,-0.163408,NA,-0.0789358,-0.265304,-0.0420788,-0.129836,-0.0790128
"185",NA,"Early_RecrDev_1961",-0.19518,-0.258149,0.0124223,-0.189872,-0.194301,-0.408695,-0.492371,-0.414398,-0.195548,-0.164838,-0.193196,-0.193112,-0.195114,-0.193569,-0.193191,-0.195183,-0.192725,-0.195795,-0.201986,-0.192988,-0.258149,NA,-0.195011,-0.347309,-0.148434,-0.182557,-0.193197
"186",NA,"Early_RecrDev_1962",-0.364946,-0.417814,-0.0405249,-0.358624,-0.37283,-0.568921,-0.650243,-0.574444,-0.365892,-0.335965,-0.363166,-0.363049,-0.364905,-0.363272,-0.363041,-0.364948,-0.363511,-0.364757,-0.370106,-0.363459,-0.417814,NA,-0.373904,-0.456101,-0.311824,-0.270872,-0.363047
"187",NA,"Early_RecrDev_1963",-0.489458,-0.535879,-0.169595,-0.480746,-0.497969,-0.690239,-0.771454,-0.695719,-0.49038,-0.46178,-0.488165,-0.487935,-0.489433,-0.4881,-0.48794,-0.48946,-0.488589,-0.489063,-0.493558,-0.488382,-0.535879,NA,-0.514713,-0.527041,-0.429483,-0.342419,-0.487945
"188",NA,"Early_RecrDev_1964",-0.49522,-0.53396,-0.276315,-0.489814,-0.497411,-0.702212,-0.786732,-0.70788,-0.495752,-0.468322,-0.494455,-0.494041,-0.495209,-0.494255,-0.49412,-0.495222,-0.495014,-0.494647,-0.498387,-0.494577,-0.53396,NA,-0.539435,-0.498358,-0.42735,-0.343292,-0.494125
"189",NA,"Early_RecrDev_1965",-0.357146,-0.375808,-0.254104,-0.356364,-0.342317,-0.583091,-0.675178,-0.58926,-0.357479,-0.32889,-0.356744,-0.356082,-0.357153,-0.356345,-0.35625,-0.357148,-0.358242,-0.355846,-0.359028,-0.357271,-0.375808,NA,-0.415269,-0.346729,-0.281077,-0.25551,-0.356255
"190",NA,"Early_RecrDev_1966",-0.162619,-0.126714,-0.10009,-0.150911,-0.118933,-0.415406,-0.51694,-0.422238,-0.163965,-0.128488,-0.162467,-0.161522,-0.162662,-0.161662,-0.161718,-0.162621,-0.165764,-0.159837,-0.162469,-0.163958,-0.126714,NA,-0.219092,-0.157332,-0.0791004,-0.133638,-0.161724
"191",NA,"Early_RecrDev_1967",-0.0309403,0.019409,-0.00493969,-0.0167497,-0.0113852,-0.292571,-0.39773,-0.299628,-0.0326785,0.00556906,-0.0315858,-0.030329,-0.0310126,-0.030418,-0.0305872,-0.030942,-0.0355128,-0.0274252,-0.0287802,-0.0332224,0.0194089,NA,-0.0834641,-0.0430957,0.0602399,-0.0272117,-0.0305925
"192",NA,"Early_RecrDev_1968",0.15922,0.183964,-0.00791151,0.177671,0.157231,-0.11288,-0.222138,-0.12016,0.158113,0.196212,0.157283,0.158973,0.159134,0.1587,0.158544,0.159218,0.153392,0.162907,0.163306,0.156079,0.183964,NA,0.0924475,0.109148,0.264699,0.12241,0.158538
"193",NA,"Early_RecrDev_1969",0.375937,0.433651,0.0521699,0.403622,0.428318,0.0950586,-0.0183039,0.0876044,0.374678,0.416078,0.372317,0.374376,0.375835,0.374036,0.373847,0.375935,0.369029,0.379266,0.381771,0.372033,0.433651,NA,0.30136,0.282508,0.488486,0.286686,0.373841
"194",NA,"Early_RecrDev_1970",0.577834,0.493667,0.247437,0.492634,0.505782,0.31302,0.196478,0.305526,0.578086,0.604868,0.57508,0.576918,0.577756,0.576442,0.576365,0.577833,0.570703,0.581627,0.583899,0.573767,0.493667,NA,0.517123,0.426474,0.646465,0.458142,0.576359
"195",NA,"Early_RecrDev_1971",0.851921,0.788635,0.591119,0.877795,0.837931,0.488272,0.347908,0.479306,0.852805,0.902743,0.840335,0.84442,0.851824,0.843279,0.843388,0.851918,0.841344,0.851388,0.86143,0.845764,0.788635,NA,0.750916,0.658131,1.02938,0.569638,0.843379
"196",NA,"Early_RecrDev_1972",0.319125,0.332585,0.618023,0.361734,0.341908,0.0774957,-0.0291384,0.0708714,0.319854,0.347439,0.311761,0.314619,0.319087,0.313854,0.314011,0.319123,0.30972,0.32049,0.327611,0.313585,0.332585,NA,0.263856,0.291504,0.42145,0.237948,0.314007
"197",NA,"Early_RecrDev_1973",0.0155145,-0.0835162,0.438595,-0.0207472,-0.041018,-0.222639,-0.320892,-0.228878,0.0171302,0.0439506,0.00849105,0.0116439,0.0154981,0.0105364,0.0108628,0.0155128,0.00481312,0.0181753,0.0252326,0.00918824,-0.0835162,NA,-0.034859,0.00540309,0.114381,-0.00144008,0.0108572
"198",NA,"Early_RecrDev_1974",-0.0395164,-0.0712509,0.140273,-0.102633,-0.0237156,-0.278999,-0.375241,-0.285219,-0.0356812,-0.0169559,-0.0460278,-0.0425189,-0.0394906,-0.0442894,-0.0436117,-0.0395185,-0.0508342,-0.0360168,-0.0294636,-0.0461768,-0.0712509,NA,-0.108138,-0.0620029,0.0607943,-0.0443642,-0.0436187
"199",NA,"Early_RecrDev_1975",0.275531,0.231786,0.523384,0.285638,0.256621,-0.017382,-0.124563,-0.0245856,0.280711,0.306714,0.268262,0.273334,0.275603,0.270677,0.271761,0.275527,0.256957,0.284301,0.293031,0.264406,0.231786,NA,0.207927,0.216085,0.416465,0.158093,0.271752
"200",NA,"Early_RecrDev_1976",0.194094,0.216417,0.464118,0.220885,0.216918,-0.0607505,-0.154517,-0.06706,0.198831,0.224046,0.187692,0.192621,0.1942,0.189963,0.191103,0.194093,0.172454,0.205721,0.215761,0.180897,0.216417,NA,0.158427,0.23605,0.322566,0.161678,0.191095
"201",NA,"Early_RecrDev_1977",0.120746,0.112725,0.319499,0.13416,0.111684,-0.122345,-0.209421,-0.128127,0.12612,0.154089,0.114331,0.119622,0.120888,0.116597,0.117939,0.120742,0.0948213,0.135561,0.148191,0.104673,0.112725,NA,0.0883587,0.199224,0.261454,0.108346,0.117932
"202",NA,"Early_RecrDev_1978",-0.084721,-0.0761252,-0.0382472,-0.0479682,-0.0883739,-0.293342,-0.366549,-0.298195,-0.0819156,-0.0447336,-0.0895552,-0.0848413,-0.0845627,-0.087556,-0.0862934,-0.0847226,-0.106894,-0.0707363,-0.059425,-0.0987913,-0.0761252,NA,-0.0900471,0.0105675,0.0344767,-0.0112704,-0.0862987
"203",NA,"Early_RecrDev_1979",0.0396217,0.014844,-0.0418601,-0.0363505,0.00232475,-0.182103,-0.253121,-0.186894,0.0261457,0.157394,0.0352574,0.0394969,0.0397153,0.0383973,0.0389088,0.0396236,0.017157,0.0567631,0.0712166,0.0244827,0.0148443,NA,0.00051974,0.0318936,0.188598,0.0892849,0.0389134
"204",NA,"Main_RecrDev_1980",0.179426,0.278176,0.0764161,0.240798,0.244761,0.0239512,-0.0169917,0.0203717,0.215354,0.103757,0.186955,0.193682,0.179946,0.186413,0.190324,0.179418,0.144991,0.209324,0.210183,0.158835,0.278176,NA,0.299249,0.16645,0.295303,0.145209,0.190299
"205",NA,"Main_RecrDev_1981",0.436552,0.498981,0.259627,0.306413,0.446713,0.282557,0.25088,0.279377,0.455384,0.347674,0.445278,0.450822,0.436942,0.445859,0.448563,0.436548,0.407414,0.466117,0.467246,0.418149,0.498981,NA,0.501383,0.525509,0.506609,0.416311,0.44855
"206",NA,"Main_RecrDev_1982",0.692015,0.666858,0.564478,0.838974,0.66153,0.514121,0.489452,0.511286,0.684262,0.90806,0.694838,0.700116,0.692408,0.696997,0.699124,0.692017,0.658118,0.729189,0.74816,0.668,0.666858,NA,0.681625,0.866105,0.969481,0.517747,0.699129
"207",NA,"Main_RecrDev_1983",0.363578,0.356247,0.289721,0.295966,0.371093,0.317215,0.315943,0.316333,0.399231,0.166459,0.368111,0.372302,0.364126,0.365547,0.369504,0.363571,0.34177,0.381831,0.381735,0.350328,0.356248,NA,0.422978,0.299805,0.386504,0.322037,0.369482
"208",NA,"Main_RecrDev_1984",0.486744,0.491466,0.781903,0.514974,0.541994,0.395091,0.394028,0.394146,0.493206,0.583527,0.495534,0.500299,0.487361,0.494877,0.498603,0.486742,0.468331,0.517893,0.527011,0.472145,0.491465,NA,0.517777,0.178968,0.715944,0.390013,0.498599
"209",NA,"Main_RecrDev_1985",0.125623,0.0911858,0.388146,0.127358,0.12111,0.090823,0.100915,0.0908438,0.142539,0.13834,0.134415,0.138335,0.126211,0.132342,0.136149,0.125621,0.121125,0.144139,0.145104,0.12033,0.0911861,NA,0.208343,0.051839,0.225352,0.203832,0.136139
"210",NA,"Main_RecrDev_1986",-0.149304,-0.220725,-0.0571329,-0.138502,-0.164002,-0.156981,-0.137773,-0.156335,-0.128774,-0.154706,-0.140904,-0.137074,-0.148709,-0.143493,-0.139535,-0.149307,-0.148844,-0.133967,-0.134489,-0.151605,-0.220725,NA,-0.0398696,-0.161989,-0.0671001,-0.0765294,-0.139545
"211",NA,"Main_RecrDev_1987",-0.239466,-0.238697,-0.224765,-0.23441,-0.190788,-0.231288,-0.207736,-0.230183,-0.220965,-0.226349,-0.233263,-0.229541,-0.238887,-0.236177,-0.232192,-0.239468,-0.230946,-0.229508,-0.228699,-0.237511,-0.238697,NA,-0.155711,-0.370823,-0.157094,-0.22943,-0.2322
"212",NA,"Main_RecrDev_1988",-0.368109,-0.243569,-0.317817,-0.364879,-0.292009,-0.335798,-0.308947,-0.334224,-0.347621,-0.368523,-0.364344,-0.360771,-0.367552,-0.367844,-0.36378,-0.368112,-0.352271,-0.365662,-0.364312,-0.361737,-0.243569,NA,-0.29639,-0.548973,-0.295025,-0.348775,-0.363788
"213",NA,"Main_RecrDev_1989",-0.502389,-0.453878,-0.450787,-0.484029,-0.528924,-0.44664,-0.417615,-0.444631,-0.481581,-0.513014,-0.502185,-0.498876,-0.501842,-0.506119,-0.502055,-0.502391,-0.481463,-0.507199,-0.503946,-0.492852,-0.453878,NA,-0.415294,-0.651401,-0.44371,-0.468318,-0.502062
"214",NA,"Main_RecrDev_1990",-0.686327,-0.697401,-0.66382,-0.683067,-0.74218,-0.615983,-0.588209,-0.613809,-0.666716,-0.711264,-0.689585,-0.686796,-0.685797,-0.69366,-0.689794,-0.686329,-0.665082,-0.696028,-0.691126,-0.676118,-0.697401,NA,-0.582786,-0.736928,-0.651138,-0.607497,-0.689802
"215",NA,"Main_RecrDev_1991",-0.828326,-0.748911,-0.862414,-0.864379,-0.803785,-0.749049,-0.723072,-0.746878,-0.806523,-0.878115,-0.833584,-0.831187,-0.827806,-0.837751,-0.834,-0.828329,-0.811253,-0.839234,-0.833839,-0.819858,-0.748911,NA,-0.725878,-0.783945,-0.812655,-0.676823,-0.834009
"216",NA,"Main_RecrDev_1992",-0.609288,-0.460791,-0.724276,-0.678241,-0.556426,-0.529258,-0.508502,-0.527265,-0.591007,-0.673891,-0.617776,-0.616063,-0.608782,-0.62183,-0.618335,-0.609291,-0.595597,-0.622498,-0.615491,-0.602195,-0.460791,NA,-0.54121,-0.536685,-0.603987,-0.428956,-0.618344
"217",NA,"Main_RecrDev_1993",0.330884,0.31821,0.1508,0.345676,0.30734,0.416103,0.431283,0.418421,0.302033,0.413017,0.314654,0.312665,0.331312,0.311953,0.313699,0.33089,0.362389,0.306297,0.321182,0.34656,0.31821,NA,0.310342,0.23312,0.36594,0.374785,0.313715
"218",NA,"Main_RecrDev_1994",0.00675545,-0.204541,0.0772369,0.00336984,-0.0673283,0.076754,0.0999035,0.0782224,-0.0232553,0.0427575,0.0119628,0.00773185,0.00705491,0.0104938,0.0107859,0.00676081,0.0247815,0.00481232,-0.00251184,0.0163965,-0.204541,NA,0.038506,-0.0479675,0.0340275,-0.020246,0.0108009
"219",NA,"Main_RecrDev_1995",-0.747489,-0.701995,-0.759578,-0.741868,-0.666727,-0.689805,-0.677899,-0.688737,-0.768563,-0.74122,-0.749367,-0.753484,-0.747256,-0.750467,-0.75042,-0.747486,-0.736484,-0.754662,-0.755956,-0.741155,-0.701995,NA,-0.7474,-0.717146,-0.739461,-0.666307,-0.750411
"220",NA,"Main_RecrDev_1996",-0.77433,-0.7351,-0.789401,-0.765016,-0.761088,-0.731715,-0.728248,-0.731029,-0.811864,-0.722683,-0.778789,-0.784905,-0.774288,-0.778264,-0.779921,-0.774323,-0.763229,-0.784442,-0.783111,-0.767862,-0.7351,NA,-0.820764,-0.77312,-0.769772,-0.686973,-0.779903
"221",NA,"Main_RecrDev_1997",-0.589924,-0.465342,-0.620718,-0.58507,-0.544845,-0.565129,-0.568361,-0.56491,-0.637925,-0.530524,-0.593931,-0.600936,-0.590061,-0.592113,-0.595031,-0.589916,-0.582691,-0.599055,-0.597997,-0.585284,-0.465342,NA,-0.668197,-0.600421,-0.599537,-0.557,-0.595007
"222",NA,"Main_RecrDev_1998",-0.0559382,-0.0592779,-0.158256,-0.0513534,-0.151112,-0.043148,-0.0520267,-0.0432793,-0.114452,-0.0875404,-0.0593895,-0.0665235,-0.0561887,-0.0568891,-0.0604322,-0.0559298,-0.0510685,-0.0646802,-0.0646164,-0.0522411,-0.0592779,NA,-0.167099,-0.119519,-0.0787185,-0.0812786,-0.0604067
"223",NA,"Main_RecrDev_1999",0.595848,0.297602,0.565031,0.547354,0.466562,0.516312,0.475326,0.51442,0.427433,1.08075,0.585441,0.568166,0.594227,0.598632,0.584075,0.595881,0.609861,0.577496,0.585927,0.604079,0.297602,NA,0.288241,0.244292,0.536359,0.613248,0.584172
"224",NA,"Main_RecrDev_2000",-0.105031,0.164578,-0.091327,-0.123666,0.153974,-0.113351,-0.126096,-0.113919,-0.150309,-0.174399,-0.106946,-0.111677,-0.105557,-0.103489,-0.107647,-0.105025,-0.107627,-0.110739,-0.113215,-0.104822,0.164578,NA,-0.216094,-0.140807,-0.154325,-0.111169,-0.107628
"225",NA,"Main_RecrDev_2001",0.171259,0.345977,0.137928,0.313831,0.154695,0.160121,0.14184,0.159464,0.12909,0.045394,0.166017,0.161791,0.170765,0.169149,0.165281,0.171264,0.171956,0.160402,0.159934,0.173446,0.345977,NA,0.02884,0.173319,0.118866,0.237539,0.165298
"226",NA,"Main_RecrDev_2002",1.163,1.17678,1.18283,1.06956,1.25549,1.05098,0.997232,1.04858,1.00198,1.70827,1.1456,1.13277,1.1606,1.16148,1.14453,1.16303,1.17816,1.13647,1.14915,1.17243,1.17678,NA,0.778485,1.07197,1.09259,1.01693,1.14463
"227",NA,"Main_RecrDev_2003",0.413809,0.0197939,0.419216,0.462028,0.0641969,0.3825,0.353796,0.381398,0.380068,0.351592,0.40527,0.402921,0.412964,0.4095,0.404572,0.413813,0.414596,0.399917,0.402477,0.416025,0.0197939,NA,0.245764,0.492088,0.329338,0.330126,0.404586
"228",NA,"Main_RecrDev_2004",-0.381869,-0.377461,-0.369145,-0.379297,-0.319477,-0.402248,-0.42038,-0.403024,-0.406438,-0.285556,-0.386811,-0.389168,-0.38274,-0.382669,-0.387572,-0.381864,-0.380189,-0.392261,-0.392681,-0.37937,-0.377461,NA,-0.504196,-0.218796,-0.457374,-0.336008,-0.387558
"229",NA,"Main_RecrDev_2005",-0.13927,-0.29987,-0.16191,-0.160422,-0.218093,-0.170224,-0.196532,-0.171274,-0.166923,0.00688842,-0.147922,-0.150116,-0.140372,-0.142888,-0.148761,-0.139264,-0.13639,-0.153691,-0.150228,-0.136055,-0.29987,NA,-0.306845,-0.106681,-0.218897,-0.116787,-0.148744
"230",NA,"Main_RecrDev_2006",0.091375,0.0381095,0.0659157,0.0480444,0.0146549,0.0692294,0.0466863,0.0683036,0.0813027,0.194671,0.0848251,0.084045,0.0904265,0.0885706,0.0839659,0.0913777,0.0933799,0.0792146,0.0808203,0.0940959,0.0381095,NA,-0.0435085,0.119508,0.00529502,0.0972511,0.0839743
"231",NA,"Main_RecrDev_2007",0.30985,0.218994,0.350791,0.35224,0.246539,0.304718,0.291686,0.304108,0.320293,0.344924,0.308245,0.308888,0.309188,0.310279,0.307461,0.309849,0.307756,0.303614,0.300917,0.310467,0.218994,NA,0.253845,0.338338,0.21043,0.242652,0.307458
"232",NA,"Main_RecrDev_2008",0.723948,0.641303,0.665653,0.697047,0.751356,0.711067,0.686641,0.710172,0.742653,0.779313,0.716535,0.717756,0.723323,0.717913,0.715477,0.723946,0.728028,0.709415,0.711498,0.727924,0.641303,NA,0.572552,0.833718,0.633106,0.682804,0.715472
"233",NA,"Main_RecrDev_2009",0.403803,0.562255,0.385708,0.378639,0.465196,0.421447,0.416893,0.421329,0.447664,0.341717,0.402927,0.405472,0.403696,0.401536,0.402106,0.403796,0.40157,0.398079,0.393785,0.404459,0.562255,NA,0.409018,0.652943,0.324191,0.411255,0.402085
"234",NA,"Main_RecrDev_2010",0.452087,0.138842,0.526914,0.423624,0.206005,0.49076,0.505356,0.491094,0.511231,0.343409,0.462374,0.465631,0.452213,0.459976,0.461755,0.452077,0.440416,0.460684,0.447507,0.447706,0.138842,NA,0.567865,0.521092,0.355277,0.337581,0.461727
"235",NA,"Main_RecrDev_2011",0.381912,0.515191,0.379052,0.392359,0.547476,0.427414,0.438172,0.427885,0.448954,0.230588,0.386264,0.389586,0.382245,0.382469,0.385574,0.381901,0.374543,0.382886,0.373683,0.379982,0.515191,NA,0.472819,0.48187,0.314741,0.377454,0.38554
"236",NA,"Main_RecrDev_2012",-0.314275,-0.17889,-0.299519,-0.284465,-0.261518,-0.24852,-0.225393,-0.247602,-0.240325,-0.524985,-0.306199,-0.302587,-0.313749,-0.311058,-0.306715,-0.314289,-0.325198,-0.308325,-0.321369,-0.318081,-0.17889,NA,-0.143397,-0.158029,-0.372668,-0.31981,-0.306756
"237",NA,"Main_RecrDev_2013",-0.306591,-0.323228,-0.253138,-0.30237,-0.29789,-0.234199,-0.20303,-0.233061,-0.231074,-0.536687,-0.294605,-0.290921,-0.306014,-0.299646,-0.29499,-0.306606,-0.321592,-0.295026,-0.311298,-0.312645,-0.323228,NA,-0.0855644,-0.209405,-0.365821,-0.358795,-0.295032
"238",NA,"Main_RecrDev_2014",-0.333721,-0.229105,-0.279947,-0.326882,-0.275522,-0.259953,-0.22801,-0.258775,-0.260746,-0.571796,-0.322033,-0.318321,-0.333141,-0.327089,-0.322379,-0.333736,-0.348838,-0.322316,-0.338633,-0.339849,-0.229105,NA,-0.109517,-0.234458,-0.38755,-0.387085,-0.322421
"239",NA,"Main_RecrDev_2015",-0.196819,-0.181769,-0.183419,-0.190344,-0.178969,-0.127874,-0.101211,-0.126816,-0.127622,-0.429849,-0.187611,-0.184028,-0.19627,-0.192534,-0.187993,-0.196833,-0.21042,-0.18849,-0.202808,-0.20212,-0.181769,NA,-0.027908,-0.133836,-0.244518,-0.238983,-0.188034
"240",NA,"Late_RecrDev_2016",0,0,0,0,0,0,0,0,0,0,0,0,0,0,0,0,0,0,0,0,0,0,0,0,0,0,0
"241",NA,"ForeRecr_2017",0,0,0,0,0,0,0,0,0,0,0,0,0,0,0,0,0,0,0,0,0,0,0,0,0,0,0
"242",NA,"ForeRecr_2018",0,0,0,0,0,0,0,0,0,0,0,0,0,0,0,0,0,0,0,0,0,0,0,0,0,0,0
"243",NA,"ForeRecr_2019",0,0,0,0,0,0,0,0,0,0,0,0,0,0,0,0,0,0,0,0,0,0,0,0,0,0,0
"244",NA,"ForeRecr_2020",0,0,0,0,0,0,0,0,0,0,0,0,0,0,0,0,0,0,0,0,0,0,0,0,0,0,0
"245",NA,"ForeRecr_2021",0,0,0,0,0,0,0,0,0,0,0,0,0,0,0,0,0,0,0,0,0,0,0,0,0,0,0
"246",NA,"ForeRecr_2022",0,0,0,0,0,0,0,0,0,0,0,0,0,0,0,0,0,0,0,0,0,0,0,0,0,0,0
"247",NA,"ForeRecr_2023",0,0,0,0,0,0,0,0,0,0,0,0,0,0,0,0,0,0,0,0,0,0,0,0,0,0,0
"248",NA,"ForeRecr_2024",0,0,0,0,0,0,0,0,0,0,0,0,0,0,0,0,0,0,0,0,0,0,0,0,0,0,0
"249",NA,"ForeRecr_2025",0,0,0,0,0,0,0,0,0,0,0,0,0,0,0,0,0,0,0,0,0,0,0,0,0,0,0
"250",NA,"ForeRecr_2026",0,0,0,0,0,0,0,0,0,0,0,0,0,0,0,0,0,0,0,0,0,0,0,0,0,0,0
"251",NA,"ForeRecr_2027",0,0,0,0,0,0,0,0,0,0,0,0,0,0,0,0,0,0,0,0,0,0,0,0,0,0,0
"252",NA,"ForeRecr_2028",0,0,0,0,0,0,0,0,0,0,0,0,0,0,0,0,0,0,0,0,0,0,0,0,0,0,0
"253",NA,"Impl_err_2017",0,0,0,0,0,0,0,0,0,0,0,0,0,0,0,0,0,0,0,0,0,0,0,0,0,0,0
"254",NA,"Impl_err_2018",0,0,0,0,0,0,0,0,0,0,0,0,0,0,0,0,0,0,0,0,0,0,0,0,0,0,0
"255",NA,"Impl_err_2019",0,0,0,0,0,0,0,0,0,0,0,0,0,0,0,0,0,0,0,0,0,0,0,0,0,0,0
"256",NA,"Impl_err_2020",0,0,0,0,0,0,0,0,0,0,0,0,0,0,0,0,0,0,0,0,0,0,0,0,0,0,0
"257",NA,"Impl_err_2021",0,0,0,0,0,0,0,0,0,0,0,0,0,0,0,0,0,0,0,0,0,0,0,0,0,0,0
"258",NA,"Impl_err_2022",0,0,0,0,0,0,0,0,0,0,0,0,0,0,0,0,0,0,0,0,0,0,0,0,0,0,0
"259",NA,"Impl_err_2023",0,0,0,0,0,0,0,0,0,0,0,0,0,0,0,0,0,0,0,0,0,0,0,0,0,0,0
"260",NA,"Impl_err_2024",0,0,0,0,0,0,0,0,0,0,0,0,0,0,0,0,0,0,0,0,0,0,0,0,0,0,0
"261",NA,"Impl_err_2025",0,0,0,0,0,0,0,0,0,0,0,0,0,0,0,0,0,0,0,0,0,0,0,0,0,0,0
"262",NA,"Impl_err_2026",0,0,0,0,0,0,0,0,0,0,0,0,0,0,0,0,0,0,0,0,0,0,0,0,0,0,0
"263",NA,"Impl_err_2027",0,0,0,0,0,0,0,0,0,0,0,0,0,0,0,0,0,0,0,0,0,0,0,0,0,0,0
"264",NA,"Impl_err_2028",0,0,0,0,0,0,0,0,0,0,0,0,0,0,0,0,0,0,0,0,0,0,0,0,0,0,0
"265",NA,"LnQ_base_3_CA_REC(3)",-9.15145,-9.21264,-9.04485,-9.14949,-9.15699,-9.53311,-9.75354,-9.54573,-9.22545,-8.98975,-9.14342,-9.15497,-9.15186,-9.14616,-8.45705,-9.55692,-8.85813,-9.3879,-8.89439,-9.36794,-9.21264,-9.19118,-8.99129,-9.22143,-10.5409,-9.2363,-9.15018
"266",NA,"Q_extraSD_3_CA_REC(3)",0.120352,0.11365,0.126011,0.120475,0.119886,0.117964,0.136661,0.118877,0.110443,0.192416,0.1203,0.119367,0.120253,0.12129,0.120346,0.120352,0.119967,0.121673,0.122059,0.119744,0.11365,0.13285,0.109813,0.109245,0.0882418,0.111402,0.120349
"267",NA,"LnQ_base_6_OR_REC(6)",-9.05452,-9.13286,-8.89063,-9.04393,-9.04404,-9.5817,-9.96556,-9.60129,-9.14551,-8.86324,-9.04052,-9.05126,-9.05498,-9.04094,-8.3525,-9.45998,-8.52142,-9.40415,-8.97587,-9.13573,-9.13286,-9.10041,-10.3791,-9.521,-9.40164,-9.05471,-9.04563
"268",NA,"Q_extraSD_6_OR_REC(6)",0.106587,0.0997072,0.116611,0.106052,0.105942,0.100419,0.105813,0.100585,0.111297,0.105374,0.106536,0.106699,0.106649,0.106094,0.106495,0.106586,0.107049,0.105483,0.105175,0.107028,0.0997072,0.0692495,0.109748,0.098916,0.104247,0.101482,0.106492
"269",NA,"LnQ_base_7_WA_REC(7)",-8.72855,-8.98566,-8.75272,-8.90267,-8.99871,-9.20422,-9.78914,-9.22224,-8.80426,-8.56837,-8.89888,-8.90921,-8.7289,-8.89964,-8.21084,-9.13401,-8.18091,-9.26163,-8.6553,-8.80209,-8.98566,-8.97481,-10.4709,-9.19866,-9.40164,-8.70204,-8.90397
"270",NA,"Q_extraSD_7_WA_REC(7)",0.391848,0.362492,0.433574,0.388994,0.389242,0.249243,0.190729,0.245465,0.344591,0.51128,0.388442,0.385317,0.391568,0.391468,0.388586,0.391851,0.394395,0.384615,0.384372,0.39424,0.362492,0.336988,0.167734,0.286912,0.370359,0.389554,0.388595
"271",NA,"LnQ_base_8_CACPFV(8)",-9.20434,-9.28112,-9.07688,-9.20386,-9.21223,-9.68885,-9.96496,-9.70478,-9.30521,-8.99122,-9.19808,-9.21084,-9.20491,-9.19894,-8.51129,-9.6098,-8.89227,-9.45632,-8.97267,-9.40843,-9.28112,-9.20265,-9.08405,-9.29923,-10.6769,-9.30741,-9.20442
"272",NA,"Q_extraSD_8_CACPFV(8)",0.111012,0.125322,0.0911866,0.111803,0.113898,0.227127,0.27127,0.23005,0.150526,0.0240675,0.114,0.114657,0.111261,0.109646,0.112017,0.11101,0.162758,0.0880749,0.0753875,0.140086,0.125322,0.138946,0.17408,0.126883,0.125103,0.13651,0.112009
"273",NA,"LnQ_base_9_OR_RECOB(9)",-8.94424,-9.04519,-8.67239,-8.9265,-8.92611,-9.71057,-10.1604,-9.73545,-9.1662,-8.39082,-8.92603,-8.94466,-8.94557,-8.91645,-8.23644,-9.3497,-8.38744,-9.30168,-8.88615,-9.01186,-9.04519,-9.17595,-10.2481,-9.48931,-9.40886,-8.99317,-8.92954
"274",NA,"Q_extraSD_9_OR_RECOB(9)",0.199408,0.201046,0.196088,0.199527,0.199268,0.200096,0.200686,0.200116,0.199978,0.204136,0.199316,0.199356,0.199398,0.199349,0.199311,0.199408,0.198061,0.199951,0.200351,0.198671,0.201046,0.219686,0.200535,0.198872,0.20218,0.2027,0.199311
"275",NA,"LnQ_base_10_TRI_ORWA(10)",-1.38884,-1.45317,-1.23361,-1.38178,-1.38353,-1.79967,-2.13753,-1.81577,-1.45525,-1.2653,-1.38268,-1.38902,-1.38909,-1.38232,-0.692058,-1.79431,-0.862407,-1.73788,-1.29925,-1.4749,-1.45317,-1.55152,-4.1467,-1.93393,-1.46648,-1.34014,-1.3852
"276",NA,"Q_extraSD_10_TRI_ORWA(10)",0.118175,0.132868,0.101951,0.119582,0.120572,0.203201,0.261047,0.206302,0.136732,0.100426,0.120348,0.120905,0.118257,0.119037,0.119881,0.118174,0.117345,0.121819,0.121365,0.117315,0.132868,0.12137,0.370042,0.200696,0.134375,0.112833,0.119878
"277",NA,"LnQ_base_11_NWFSC_ORWA(11)",-0.719661,-0.837633,-0.494899,-0.714317,-0.719767,-1.40842,-1.84268,-1.43091,-0.911609,-0.230974,-0.722033,-0.731433,-0.720715,-0.707972,-0.025604,-1.12512,-0.130885,-1.1045,-0.683783,-0.770094,-0.837633,-0.942459,-2.56331,-1.35935,-1.09085,-0.673349,-0.71872
"278",NA,"Q_extraSD_11_NWFSC_ORWA(11)",0,0,0,0,0,0,0,0,0,0,0,0,0,0,0,0,0,0,0,0,0,0,0,0,0,0,0
"279",NA,"LnQ_base_12_IPHC_ORWA(12)",-4.64356,-4.76523,-4.41738,-4.64171,-4.64761,-5.34093,-5.77968,-5.36372,-4.83694,-4.16323,-4.64162,-4.65858,-4.64461,-4.6356,-3.95301,-5.04901,-4.05744,-5.0317,-4.60729,-4.69471,-4.76523,-4.81115,-6.80734,-5.31915,-4.96825,-4.58404,-4.64612
"280",NA,"Q_extraSD_12_IPHC_ORWA(12)",0.127812,0.116582,0.134035,0.125174,0.123726,0.105314,0.0879586,0.104496,0.138236,0.0971513,0.125582,0.126186,0.127907,0.124497,0.125343,0.127811,0.127411,0.12489,0.127127,0.127791,0.116582,0.146767,0.03135,0.0819509,0.149683,0.138927,0.125339
"281",NA,"LnQ_base_6_OR_REC(6)_BLK2add_2005",-0.192652,-0.208294,-0.0929557,-0.18511,-0.186058,-0.407202,-0.456079,-0.411373,-0.33667,0.217022,-0.189656,-0.198096,-0.193691,-0.178199,-0.187867,-0.19264,-0.168755,-0.200434,-0.211411,-0.179292,-0.208294,-0.275216,-0.236734,-0.274782,-0.28117,-0.220374,-0.187829
"282",NA,"SizeSel_P1_1_CA_TWL(1)",46.3619,46.3121,46.6383,46.394,46.4663,45.6824,45.288,45.664,46.4791,45.9263,46.3287,46.3614,46.3637,46.3344,46.3509,46.3619,46.2961,46.3189,46.3006,46.343,46.3121,44.5123,43.9137,46.3887,39.171,48.4585,46.3508
"283",NA,"SizeSel_P2_1_CA_TWL(1)",-15,-15,-15,-15,-15,-15,-15,-15,-15,-15,-15,-15,-15,-15,-15,-15,-15,-15,-15,-15,-15,-15,-15,-15,-15,-15,-15
"284",NA,"SizeSel_P3_1_CA_TWL(1)",5.13149,5.12407,5.16115,5.13423,5.14365,5.02465,4.96622,5.02158,5.1315,5.11606,5.12924,5.13129,5.13158,5.13028,5.13109,5.13149,5.12285,5.12765,5.12484,5.12893,5.12407,4.86636,4.858,5.12178,4.35187,5.32717,5.13108
"285",NA,"SizeSel_P4_1_CA_TWL(1)",18.3765,18.3382,18.3446,18.3767,18.3672,18.3966,18.4204,18.3931,18.3577,18.441,18.3855,18.3784,18.3774,18.3824,18.3831,18.3774,18.3241,18.4095,18.4273,18.346,18.3382,18.3083,18.0032,17.9837,18.3173,18.1111,18.3811
"286",NA,"SizeSel_P5_1_CA_TWL(1)",-999,-999,-999,-999,-999,-999,-999,-999,-999,-999,-999,-999,-999,-999,-999,-999,-999,-999,-999,-999,-999,-999,-999,-999,-999,-999,-999
"287",NA,"SizeSel_P6_1_CA_TWL(1)",-999,-999,-999,-999,-999,-999,-999,-999,-999,-999,-999,-999,-999,-999,-999,-999,-999,-999,-999,-999,-999,-999,-999,-999,-999,-999,-999
"288",NA,"SizeSel_P1_2_CA_NONTWL(2)",44.023,44.0737,43.7614,44.0051,43.9796,45.1341,45.4801,45.161,44.428,43.0822,43.9813,44.0089,44.027,43.9362,43.9732,44.0229,44.9275,43.5778,43.4412,44.5295,44.0737,46.3456,45.4695,45.5365,42.2492,44.8589,43.9731
"289",NA,"SizeSel_P2_2_CA_NONTWL(2)",-15,-15,-15,-15,-15,-15,-15,-15,-15,-15,-15,-15,-15,-15,-15,-15,-15,-15,-15,-15,-15,-15,-15,-15,-15,-15,-15
"290",NA,"SizeSel_P3_2_CA_NONTWL(2)",5.08508,5.09117,5.07352,5.08728,5.08839,5.13201,5.14233,5.13289,5.10448,5.04125,5.08546,5.08643,5.08531,5.08245,5.08453,5.08508,5.16065,5.04829,5.03228,5.1284,5.09117,5.17881,5.19605,5.20211,4.96913,5.13243,5.08452
"291",NA,"SizeSel_P4_2_CA_NONTWL(2)",16.3866,15.6489,16.4567,16.3696,16.4837,10.351,9.71589,10.2855,16.1562,16.9671,16.3551,16.3518,16.3873,16.363,16.3628,16.3869,12.7369,16.7232,16.921,15.7707,15.6489,17.6169,6.56911,8.83816,6.546,17.0673,16.3629
"292",NA,"SizeSel_P5_2_CA_NONTWL(2)",-999,-999,-999,-999,-999,-999,-999,-999,-999,-999,-999,-999,-999,-999,-999,-999,-999,-999,-999,-999,-999,-999,-999,-999,-999,-999,-999
"293",NA,"SizeSel_P6_2_CA_NONTWL(2)",-999,-999,-999,-999,-999,-999,-999,-999,-999,-999,-999,-999,-999,-999,-999,-999,-999,-999,-999,-999,-999,-999,-999,-999,-999,-999,-999
"294",NA,"SizeSel_P1_3_CA_REC(3)",43.5471,43.563,43.5903,43.5229,43.5011,43.5304,43.4261,43.5296,43.7122,43.0453,43.468,43.5028,43.5491,43.472,43.4895,43.5471,43.209,43.5968,43.6711,43.367,43.563,42.456,45.6665,44.6695,38.1311,43.7458,43.4894
"295",NA,"SizeSel_P2_3_CA_REC(3)",-15,-15,-15,-15,-15,-15,-15,-15,-15,-15,-15,-15,-15,-15,-15,-15,-15,-15,-15,-15,-15,-15,-15,-15,-15,-15,-15
"296",NA,"SizeSel_P3_3_CA_REC(3)",5.3144,5.31724,5.32645,5.31306,5.31399,5.25879,5.22683,5.25717,5.31109,5.31954,5.30908,5.31064,5.31443,5.31053,5.31073,5.3144,5.29369,5.31624,5.3202,5.30367,5.31724,5.17693,5.44751,5.351,4.88986,5.31707,5.31073
"297",NA,"SizeSel_P4_3_CA_REC(3)",20,20,20,20,20,20,20,20,20,20,20,20,20,20,20,20,20,20,20,20,20,20,5.99403,20,20,20,20
"298",NA,"SizeSel_P5_3_CA_REC(3)",-999,-999,-999,-999,-999,-999,-999,-999,-999,-999,-999,-999,-999,-999,-999,-999,-999,-999,-999,-999,-999,-999,-999,-999,-999,-999,-999
"299",NA,"SizeSel_P6_3_CA_REC(3)",-999,-999,-999,-999,-999,-999,-999,-999,-999,-999,-999,-999,-999,-999,-999,-999,-999,-999,-999,-999,-999,-999,-999,-999,-999,-999,-999
"300",NA,"SizeSel_P1_4_ORWA_TWL(4)",51.6344,54.7389,59.9918,52.8875,53.1257,48.5098,47.6779,48.4407,51.5027,52.3179,52.6506,52.5279,51.6351,52.5159,52.521,51.6345,54.6992,51.0257,49.6245,53.1994,54.7389,59.9977,38.9315,44.2018,46.0348,54.0234,52.5211
"301",NA,"SizeSel_P2_4_ORWA_TWL(4)",-15,-15,-15,-15,-15,-15,-15,-15,-15,-15,-15,-15,-15,-15,-15,-15,-15,-15,-15,-15,-15,-15,-15,-15,-15,-15,-15
"302",NA,"SizeSel_P3_4_ORWA_TWL(4)",5.90932,6.11904,6.36033,5.98624,5.99462,5.6775,5.63044,5.6728,5.88202,6.00247,5.96863,5.96111,5.90916,5.96335,5.96206,5.90933,6.09644,5.88014,5.79543,6.00261,6.11904,6.06984,5.18189,5.5364,5.61392,6.13812,5.96207
"303",NA,"SizeSel_P4_4_ORWA_TWL(4)",17.6753,17.2444,16.7821,17.5806,17.5007,16.9479,16.6045,16.9142,17.6431,17.7023,17.5645,17.5781,17.6748,17.5833,17.5799,17.675,17.3099,17.7367,17.8494,17.506,17.2444,16.2646,6.38472,18.7096,18.1508,16.9874,17.5807
"304",NA,"SizeSel_P5_4_ORWA_TWL(4)",-999,-999,-999,-999,-999,-999,-999,-999,-999,-999,-999,-999,-999,-999,-999,-999,-999,-999,-999,-999,-999,-999,-999,-999,-999,-999,-999
"305",NA,"SizeSel_P6_4_ORWA_TWL(4)",-999,-999,-999,-999,-999,-999,-999,-999,-999,-999,-999,-999,-999,-999,-999,-999,-999,-999,-999,-999,-999,-999,-999,-999,-999,-999,-999
"306",NA,"SizeSel_P1_5_ORWA_NONTWL(5)",51.6557,51.4407,51.7996,51.5513,51.5495,52.1893,52.1131,52.2008,52.1022,50.476,51.5291,51.5498,51.6603,51.4677,51.5086,51.6556,52.2155,51.2015,51.1619,51.9908,51.4407,55.5101,46.2662,48.8722,52.7518,52.9686,51.5084
"307",NA,"SizeSel_P2_5_ORWA_NONTWL(5)",-15,-15,-15,-15,-15,-15,-15,-15,-15,-15,-15,-15,-15,-15,-15,-15,-15,-15,-15,-15,-15,-15,-15,-15,-15,-15,-15
"308",NA,"SizeSel_P3_5_ORWA_NONTWL(5)",5.49663,5.49705,5.51739,5.49168,5.4945,5.48321,5.46754,5.48287,5.50112,5.49669,5.48956,5.48975,5.49666,5.48832,5.48882,5.49663,5.52168,5.47676,5.47525,5.51164,5.49705,5.79037,5.18497,5.31973,5.56886,5.58422,5.48882
"309",NA,"SizeSel_P4_5_ORWA_NONTWL(5)",20,20,20,20,20,20,20,20,20,20,20,20,20,20,20,20,20,20,20,20,20,20,5.00983,20,20,20,20
"310",NA,"SizeSel_P5_5_ORWA_NONTWL(5)",-999,-999,-999,-999,-999,-999,-999,-999,-999,-999,-999,-999,-999,-999,-999,-999,-999,-999,-999,-999,-999,-999,-999,-999,-999,-999,-999
"311",NA,"SizeSel_P6_5_ORWA_NONTWL(5)",-999,-999,-999,-999,-999,-999,-999,-999,-999,-999,-999,-999,-999,-999,-999,-999,-999,-999,-999,-999,-999,-999,-999,-999,-999,-999,-999
"312",NA,"SizeSel_P1_6_OR_REC(6)",37.8379,37.6329,37.7988,37.7593,37.7125,38.5472,38.6826,38.5658,38.1008,37.1718,37.7561,37.7719,37.8402,37.7313,37.7519,37.8378,38.0161,37.6707,37.7299,37.9345,37.6329,38.5986,37.3818,37.0079,39.0671,38.5851,37.7518
"313",NA,"SizeSel_P2_6_OR_REC(6)",-15,-15,-15,-15,-15,-15,-15,-15,-15,-15,-15,-15,-15,-15,-15,-15,-15,-15,-15,-15,-15,-15,-15,-15,-15,-15,-15
"314",NA,"SizeSel_P3_6_OR_REC(6)",4.25433,4.23435,4.27291,4.24336,4.24416,4.29607,4.29694,4.2972,4.26794,4.23106,4.24419,4.24492,4.25446,4.24291,4.24394,4.25433,4.27061,4.23768,4.24549,4.26297,4.23435,4.32509,4.14632,4.15585,4.37816,4.32159,4.24394
"315",NA,"SizeSel_P4_6_OR_REC(6)",12,12,12,12,12,12,12,12,12,12,12,12,12,12,12,12,12,12,12,12,12,12,5.60366,12,12,12,12
"316",NA,"SizeSel_P5_6_OR_REC(6)",-999,-999,-999,-999,-999,-999,-999,-999,-999,-999,-999,-999,-999,-999,-999,-999,-999,-999,-999,-999,-999,-999,-999,-999,-999,-999,-999
"317",NA,"SizeSel_P6_6_OR_REC(6)",-999,-999,-999,-999,-999,-999,-999,-999,-999,-999,-999,-999,-999,-999,-999,-999,-999,-999,-999,-999,-999,-999,-999,-999,-999,-999,-999
"318",NA,"SizeSel_P1_7_WA_REC(7)",44.5057,32.0908,32.0733,32.1029,28.8626,44.8663,32.2145,44.8773,44.6564,44.2397,32.1034,32.1055,44.5074,32.0988,32.1022,44.5057,45.1752,32.0908,44.1578,44.8854,32.0908,32.3116,38.4473,43.1356,28.8626,45.5341,32.1022
"319",NA,"SizeSel_P2_7_WA_REC(7)",-15,-15,-15,-15,-15,-15,-15,-15,-15,-15,-15,-15,-15,-15,-15,-15,-15,-15,-15,-15,-15,-15,-15,-15,-15,-15,-15
"320",NA,"SizeSel_P3_7_WA_REC(7)",4.49883,0.260535,0.232248,0.26847,-0.958658,4.50883,0.36926,4.50934,4.50401,4.49921,0.269338,0.271632,4.49892,0.264184,0.267894,4.49883,4.56013,0.272226,4.46825,4.53529,0.260529,0.605155,3.60089,4.30931,-0.962178,4.58272,0.267885
"321",NA,"SizeSel_P4_7_WA_REC(7)",20,20,20,20,20,20,20,20,20,20,20,20,20,20,20,20,20,20,20,20,20,20,6.76428,20,20,20,20
"322",NA,"SizeSel_P5_7_WA_REC(7)",-999,-999,-999,-999,-999,-999,-999,-999,-999,-999,-999,-999,-999,-999,-999,-999,-999,-999,-999,-999,-999,-999,-999,-999,-999,-999,-999
"323",NA,"SizeSel_P6_7_WA_REC(7)",-999,-999,-999,-999,-999,-999,-999,-999,-999,-999,-999,-999,-999,-999,-999,-999,-999,-999,-999,-999,-999,-999,-999,-999,-999,-999,-999
"324",NA,"SizeSel_P1_9_OR_RECOB(9)",33.7045,33.377,33.2267,33.6283,33.5451,35.0673,35.2172,35.0809,34.53,30.3801,33.6355,33.676,33.7144,33.545,33.6194,33.7044,34.1618,33.3683,33.3298,33.9685,33.377,28.4319,35.645,33.5082,33.8285,34.3623,33.619
"325",NA,"SizeSel_P2_9_OR_RECOB(9)",-15,-15,-15,-15,-15,-15,-15,-15,-15,-15,-15,-15,-15,-15,-15,-15,-15,-15,-15,-15,-15,-15,-15,-15,-15,-15,-15
"326",NA,"SizeSel_P3_9_OR_RECOB(9)",4.45193,4.40416,4.39141,4.444,4.4306,4.58471,4.58228,4.58472,4.54355,3.96804,4.44319,4.44783,4.453,4.43294,4.44121,4.45192,4.50864,4.4102,4.40572,4.4847,4.40416,3.612,4.64726,4.38358,4.47134,4.52617,4.44116
"327",NA,"SizeSel_P4_9_OR_RECOB(9)",20,20,20,20,20,20,20,20,20,20,20,20,20,20,20,20,20,20,20,20,20,20,5.53516,20,20,20,20
"328",NA,"SizeSel_P5_9_OR_RECOB(9)",-999,-999,-999,-999,-999,-999,-999,-999,-999,-999,-999,-999,-999,-999,-999,-999,-999,-999,-999,-999,-999,-999,-999,-999,-999,-999,-999
"329",NA,"SizeSel_P6_9_OR_RECOB(9)",-999,-999,-999,-999,-999,-999,-999,-999,-999,-999,-999,-999,-999,-999,-999,-999,-999,-999,-999,-999,-999,-999,-999,-999,-999,-999,-999
"330",NA,"SizeSel_P1_10_TRI_ORWA(10)",79.9736,79.9759,79.973,79.9733,79.9735,79.9778,79.9784,79.9779,79.9748,79.9694,79.9732,79.9733,79.9736,79.9731,79.9732,79.9736,79.9726,79.9738,79.9745,79.973,79.9759,79.9689,52.1243,79.9834,79.9842,79.9721,79.9732
"331",NA,"SizeSel_P2_10_TRI_ORWA(10)",-15,-15,-15,-15,-15,-15,-15,-15,-15,-15,-15,-15,-15,-15,-15,-15,-15,-15,-15,-15,-15,-15,-15,-15,-15,-15,-15
"332",NA,"SizeSel_P3_10_TRI_ORWA(10)",6.99196,6.99294,7.00131,6.99693,6.99998,6.89561,6.86734,6.89312,6.96279,7.07648,6.99798,6.99586,6.99171,7.00037,6.99812,6.99197,6.99475,6.99554,6.98605,6.99419,6.99294,7.03221,6.40855,7.09383,6.8023,6.93191,6.99813
"333",NA,"SizeSel_P4_10_TRI_ORWA(10)",12,12,12,12,12,12,12,12,12,12,12,12,12,12,12,12,12,12,12,12,12,12,16.0619,12,12,12,12
"334",NA,"SizeSel_P5_10_TRI_ORWA(10)",-999,-999,-999,-999,-999,-999,-999,-999,-999,-999,-999,-999,-999,-999,-999,-999,-999,-999,-999,-999,-999,-999,-999,-999,-999,-999,-999
"335",NA,"SizeSel_P6_10_TRI_ORWA(10)",-999,-999,-999,-999,-999,-999,-999,-999,-999,-999,-999,-999,-999,-999,-999,-999,-999,-999,-999,-999,-999,-999,-999,-999,-999,-999,-999
"336",NA,"SizeSel_P1_11_NWFSC_ORWA(11)",56.337,55.5757,54.3298,55.8042,55.5095,58.3859,58.2517,58.4355,57.7132,52.5595,55.7766,55.8438,56.3492,55.6281,55.7364,56.3368,57.6271,55.1748,55.4258,57.0112,55.5757,56.3503,46.3221,52.9004,59.9153,59.9123,55.7358
"337",NA,"SizeSel_P2_11_NWFSC_ORWA(11)",-15,-15,-15,-15,-15,-15,-15,-15,-15,-15,-15,-15,-15,-15,-15,-15,-15,-15,-15,-15,-15,-15,-15,-15,-15,-15,-15
"338",NA,"SizeSel_P3_11_NWFSC_ORWA(11)",6.47038,6.45744,6.37703,6.44966,6.4362,6.47285,6.43914,6.47293,6.48828,6.4611,6.44514,6.44593,6.47035,6.44342,6.44403,6.47037,6.5097,6.42979,6.44617,6.48951,6.45744,6.70602,6.01846,6.31932,6.62676,6.60092,6.44403
"339",NA,"SizeSel_P4_11_NWFSC_ORWA(11)",20,20,20,20,20,20,20,20,20,20,20,20,20,20,20,20,20,20,20,20,20,20,5.14027,20,20,20,20
"340",NA,"SizeSel_P5_11_NWFSC_ORWA(11)",-999,-999,-999,-999,-999,-999,-999,-999,-999,-999,-999,-999,-999,-999,-999,-999,-999,-999,-999,-999,-999,-999,-999,-999,-999,-999,-999
"341",NA,"SizeSel_P6_11_NWFSC_ORWA(11)",-999,-999,-999,-999,-999,-999,-999,-999,-999,-999,-999,-999,-999,-999,-999,-999,-999,-999,-999,-999,-999,-999,-999,-999,-999,-999,-999
"342",NA,"SizeSel_P1_12_IPHC_ORWA(12)",54.8854,54.7567,54.5006,54.6954,54.653,55.2303,55.1636,55.2409,55.0836,54.3104,54.6954,54.7095,54.8877,54.6688,54.6891,54.8854,55.0177,54.6467,54.8027,54.9558,54.7567,55.7683,50.6139,53.3577,57.1878,55.6161,54.689
"343",NA,"SizeSel_P2_12_IPHC_ORWA(12)",-15,-15,-15,-15,-15,-15,-15,-15,-15,-15,-15,-15,-15,-15,-15,-15,-15,-15,-15,-15,-15,-15,-15,-15,-15,-15,-15
"344",NA,"SizeSel_P3_12_IPHC_ORWA(12)",4.24572,4.24225,4.20871,4.22587,4.22337,4.26278,4.25075,4.26353,4.25477,4.21758,4.22558,4.22657,4.24585,4.22402,4.22527,4.24572,4.2476,4.22775,4.24748,4.24598,4.24225,4.33266,3.71124,4.07924,4.51985,4.26091,4.22526
"345",NA,"SizeSel_P4_12_IPHC_ORWA(12)",20,20,20,20,20,20,20,20,20,20,20,20,20,20,20,20,20,20,20,20,20,20,4.85319,20,20,20,20
"346",NA,"SizeSel_P5_12_IPHC_ORWA(12)",-999,-999,-999,-999,-999,-999,-999,-999,-999,-999,-999,-999,-999,-999,-999,-999,-999,-999,-999,-999,-999,-999,-999,-999,-999,-999,-999
"347",NA,"SizeSel_P6_12_IPHC_ORWA(12)",-999,-999,-999,-999,-999,-999,-999,-999,-999,-999,-999,-999,-999,-999,-999,-999,-999,-999,-999,-999,-999,-999,-999,-999,-999,-999,-999
"348",NA,"Eggs/kg_inter_Fem",NA,NA,NA,NA,NA,NA,NA,NA,NA,NA,NA,NA,NA,137900,NA,NA,NA,NA,NA,NA,NA,NA,NA,NA,NA,NA,NA
"349",NA,"Eggs/kg_slope_wt_Fem",NA,NA,NA,NA,NA,NA,NA,NA,NA,NA,NA,NA,NA,36500,NA,NA,NA,NA,NA,NA,NA,NA,NA,NA,NA,NA,NA
"350",NA,"NatM_p_1_Mal_GP_1",NA,NA,NA,NA,NA,NA,NA,NA,NA,NA,NA,NA,NA,NA,NA,NA,NA,NA,NA,NA,NA,NA,NA,NA,NA,0.0467927,NA
"351",NA,"L_at_Amin_Mal_GP_1",NA,NA,NA,NA,NA,NA,NA,NA,NA,NA,NA,NA,NA,NA,NA,NA,NA,NA,NA,NA,NA,NA,NA,NA,NA,0,NA
"352",NA,"L_at_Amax_Mal_GP_1",NA,NA,NA,NA,NA,NA,NA,NA,NA,NA,NA,NA,NA,NA,NA,NA,NA,NA,NA,NA,NA,NA,NA,NA,NA,65.6004,NA
"353",NA,"VonBert_K_Mal_GP_1",NA,NA,NA,NA,NA,NA,NA,NA,NA,NA,NA,NA,NA,NA,NA,NA,NA,NA,NA,NA,NA,NA,NA,NA,NA,0.058821,NA
"354",NA,"CV_young_Mal_GP_1",NA,NA,NA,NA,NA,NA,NA,NA,NA,NA,NA,NA,NA,NA,NA,NA,NA,NA,NA,NA,NA,NA,NA,NA,NA,0,NA
"355",NA,"CV_old_Mal_GP_1",NA,NA,NA,NA,NA,NA,NA,NA,NA,NA,NA,NA,NA,NA,NA,NA,NA,NA,NA,NA,NA,NA,NA,NA,NA,0.0479834,NA
"356",NA,"Wtlen_1_Mal",NA,NA,NA,NA,NA,NA,NA,NA,NA,NA,NA,NA,NA,NA,NA,NA,NA,NA,NA,NA,NA,NA,NA,NA,NA,7.31462e-06,NA
"357",NA,"Wtlen_2_Mal",NA,NA,NA,NA,NA,NA,NA,NA,NA,NA,NA,NA,NA,NA,NA,NA,NA,NA,NA,NA,NA,NA,NA,NA,NA,3.23717,NA
"9","Derived quantities",NA,NA,NA,NA,NA,NA,NA,NA,NA,NA,NA,NA,NA,NA,NA,NA,NA,NA,NA,NA,NA,NA,NA,NA,NA,NA,NA,NA
"358",NA,"SB0",2278.09,2313.92,2141.28,2254.46,2257.32,2596.28,3011.53,2613.83,2268.34,2295.67,2254.46,2331.83,2264.72,2543500000,1132.27,3417.15,1481.93,3071.96,1949.48,2618.16,2313.92,2235.59,6625.98,2554.92,2219.54,1135.72,2264.57
"359",NA,"SSB_2017",646.254,698.757,540.343,639.214,642.104,1202.74,1702.07,1226.06,817.526,351.036,639.961,702.483,647.431,674899000,320.944,969.365,411.247,889.924,571.682,731.583,698.757,764.884,4824.46,958.042,656.915,327.273,641.856
"360",NA,"Bratio_2017",0.283682,0.301979,0.252345,0.283534,0.284454,0.463254,0.565185,0.469067,0.360406,0.152912,0.283864,0.301258,0.285877,0.265342,0.283451,0.283676,0.277508,0.289692,0.293248,0.279426,0.301979,0.342139,0.728113,0.374979,0.29597,0.288164,0.283434
"361",NA,"MSY_SPR",105.01,105.229,95.67,102.172,101.401,161.208,210.281,163.667,115.784,55.4579,102.93,104.403,105.318,100.562,51.3751,157.516,67.2114,140.583,90.8399,119.644,105.229,101.977,245.302,121.597,101.308,107.88,102.751
"362",NA,"F_SPR",0.0218466,0.0214082,0.0217433,0.0215274,0.0213512,0.0268724,0.0289143,0.0270223,0.0218694,0.021792,0.0215336,0.0222545,0.0219763,0.0206471,0.0215493,0.0218466,0.0215257,0.021717,0.0220619,0.0216747,0.0214082,0.0215692,0.0184864,0.0217782,0.0215175,0.0217789,0.0215493
