"","Label","Type","Reference","I: -CA dockside rec","I: -OR dockside rec","I: -WA dockside rec","I: -CA CPFV","I: -OR onboard","I: -AFSC Triennial","I: -NWFSC Trawl","I: -IPHC","LtC: -CA trawl","LtC: -CA non-trawl","LtC: -CA dockside rec","LtC: -OR-WA trawl","LtC: -OR-WA non-trawl","LtC: -OR dockside rec","LtC: -WA dockside rec","LtC: -CA CPFV","LtC: -OR onboard","LtC: -AFSC Triennial","LtC: -NWFSC Trawl","LtC: -IPHC","AgeC: -CA non-trawl","AgeC: -CA dockside rec","AgeC: -OR-WA trawl","AgeC: -OR-WA non-trawl","AgeC: -OR dockside rec","AgeC: -WA dockside rec","AgeC: -NWFSC Trawl","AgeC: -IPHC","-all indices","-all length comps","-all age comps"
"1","Survey_likelihood",NA,NA,NA,NA,NA,NA,NA,NA,NA,NA,NA,NA,NA,NA,NA,NA,NA,NA,NA,NA,NA,NA,NA,NA,NA,NA,NA,NA,NA,NA,NA,NA,NA
"9",NA,"ALL",-38.9565,-22.4652,-33.3529,-33.9044,-39.785,-37.8187,-33.4862,-38.7795,-39.1217,-43.3053,-38.3742,-41.0752,-41.4783,-43.2805,-37.5643,-39.9962,-40.673,-39.818,-39.1153,-39.4041,-39.0593,-39.096,-38.9542,-39.2481,-38.4039,-39.9269,-38.9554,-37.726,0,-60.396,-45.8313,-5.27141
"10",NA,"X1_CA_TWL",0,0,0,0,0,0,0,0,0,0,0,0,0,0,0,0,0,0,0,0,0,0,0,0,0,0,0,0,0,0,0,0
"11",NA,"X2_CA_NONTWL",0,0,0,0,0,0,0,0,0,0,0,0,0,0,0,0,0,0,0,0,0,0,0,0,0,0,0,0,0,0,0,0
"12",NA,"X3_CA_REC",-4.85651,-4.70556,-4.46376,-5.13408,-4.85612,-4.91061,-4.85692,-4.85927,-5.02872,-1.91707,-5.27303,-4.73641,-4.87285,-4.46775,-4.80112,-4.76431,-4.88409,-4.89778,-4.90658,-4.92789,-4.87573,-5.24754,-4.73992,-4.97084,-4.56013,-5.0705,-4.70676,-4.72532,1.35715,-3.25626,-6.52598,-4.13488
"13",NA,"X4_ORWA_TWL",0,0,0,0,0,0,0,0,0,0,0,0,0,0,0,0,0,0,0,0,0,0,0,0,0,0,0,0,0,0,0,0
"14",NA,"X5_ORWA_NONTWL",0,0,0,0,0,0,0,0,0,0,0,0,0,0,0,0,0,0,0,0,0,0,0,0,0,0,0,0,0,0,0,0
"15",NA,"X6_OR_REC",-16.147,-3.00074,-15.5699,-16.3702,-16.1823,-16.2345,-16.1507,-16.1194,-16.1943,-16.9284,-15.7034,-16.9148,-17.3176,-18.6748,-15.7502,-16.6617,-16.5297,-16.2528,-16.159,-16.1964,-16.1678,-16.6017,-16.008,-16.2346,-16.1992,-16.1894,-16.2681,-15.8253,0.309296,-15.9616,-17.2178,-10.4514
"16",NA,"X7_WA_REC",-5.32548,-4.80693,27.0357,-5.96126,-5.48972,-5.56526,-5.41164,-5.35052,-5.35314,-7.584,-5.26721,-6.83839,-6.97419,-6.86327,-4.42623,-6.25523,-6.31171,-5.62556,-5.58238,-5.44524,-5.37809,-5.42162,-5.14882,-5.67223,-4.90077,-6.08494,-4.94177,-4.43821,-1.44519,-22.4569,-12.4856,-5.27141
"17",NA,"X8_CACPFV",-6.09047,-6.33003,-6.70387,7.41782,-6.08256,-5.99835,-6.05806,-6.05191,-6.01751,-10.1575,-5.52616,-6.07686,-5.90095,-6.65686,-6.09407,-5.80025,-6.038,-5.98084,-5.97226,-5.97238,-6.05247,-5.44133,-6.26852,-5.86242,-6.06058,-6.11776,-6.38531,-6.30161,-0.41133,-12.1571,-3.50572,-5.09479
"18",NA,"X9_OR_RECOB",0.611186,0.59657,0.603238,0.61627,3.53772,0.612526,0.609743,0.611287,0.613032,0.603799,0.580102,0.629961,0.665311,0.59792,0.616379,0.622368,0.499062,0.611821,0.611721,0.608803,0.611834,0.661816,0.608249,0.612023,0.608271,0.617038,0.645837,0.610086,3.37713,1.0223,0.676016,0.650808
"19",NA,"X10_TRI_ORWA",-1.45321,-1.5158,-1.63296,-1.36454,-1.4302,6.11262,-1.42949,-1.44623,-1.43466,-1.08125,-1.42267,-1.2056,-1.18336,-0.8117,-1.63193,-1.35798,-1.2269,-1.87683,-1.39253,-1.45107,-1.45452,-1.50677,-1.47412,-1.37727,-1.5348,-1.33203,-1.53033,-1.62254,1.56654,0.838981,0.325078,-1.10544
"20",NA,"X11_NWFSC_ORWA",-5.56061,-5.55556,-5.53944,-5.56124,-5.56861,-5.56563,-5.5699,-5.56346,-5.56261,-5.6328,-5.56044,-5.59776,-5.60131,-5.66516,-5.51373,-5.57873,-5.62532,-5.57683,-5.57743,-5.54948,-5.56744,-5.54383,-5.5888,-5.57396,-5.56768,-5.57212,-5.57154,-5.50944,-5.50964,-5.48312,-5.69788,-5.55016
"21",NA,"X12_IPHC_ORWA",-0.13444,-0.147873,-0.0462839,-0.129349,-0.175425,-0.15684,-0.189056,12.0366,-0.143803,-0.608193,-0.201389,-0.335356,-0.29335,-0.738924,0.0366444,-0.200436,-0.556375,-0.2192,-0.13692,-0.470421,-0.175067,0.00492616,-0.334224,-0.168808,-0.188995,-0.177176,-0.197407,0.0863499,4.04834,-2.94233,-1.39936,0.273264
"2","Survey_lambda",NA,NA,NA,NA,NA,NA,NA,NA,NA,NA,NA,NA,NA,NA,NA,NA,NA,NA,NA,NA,NA,NA,NA,NA,NA,NA,NA,NA,NA,NA,NA,NA,NA
"22",NA,"ALL",NA,NA,NA,NA,NA,NA,NA,NA,NA,NA,NA,NA,NA,NA,NA,NA,NA,NA,NA,NA,NA,NA,NA,NA,NA,NA,NA,NA,NA,NA,NA,NA
"23",NA,"X1_CA_TWL",0,0,0,0,0,0,0,0,0,0,0,0,0,0,0,0,0,0,0,0,0,0,0,0,0,0,0,0,0,0,0,0
"24",NA,"X2_CA_NONTWL",0,0,0,0,0,0,0,0,0,0,0,0,0,0,0,0,0,0,0,0,0,0,0,0,0,0,0,0,0,0,0,0
"25",NA,"X3_CA_REC",1,1,1,1,1,1,1,1,1,1,1,1,1,1,1,1,1,1,1,1,1,1,1,1,1,1,1,1,0,1,1,0
"26",NA,"X4_ORWA_TWL",0,0,0,0,0,0,0,0,0,0,0,0,0,0,0,0,0,0,0,0,0,0,0,0,0,0,0,0,0,0,0,0
"27",NA,"X5_ORWA_NONTWL",0,0,0,0,0,0,0,0,0,0,0,0,0,0,0,0,0,0,0,0,0,0,0,0,0,0,0,0,0,0,0,0
"28",NA,"X6_OR_REC",1,0,1,1,1,1,1,1,1,1,1,1,1,1,1,1,1,1,1,1,1,1,1,1,1,1,1,1,0,1,1,0
"29",NA,"X7_WA_REC",1,1,0,1,1,1,1,1,1,1,1,1,1,1,1,1,1,1,1,1,1,1,1,1,1,1,1,1,0,1,1,1
"30",NA,"X8_CACPFV",1,1,1,0,1,1,1,1,1,1,1,1,1,1,1,1,1,1,1,1,1,1,1,1,1,1,1,1,0,1,1,0
"31",NA,"X9_OR_RECOB",1,1,1,1,0,1,1,1,1,1,1,1,1,1,1,1,1,1,1,1,1,1,1,1,1,1,1,1,0,1,1,0
"32",NA,"X10_TRI_ORWA",1,1,1,1,1,0,1,1,1,1,1,1,1,1,1,1,1,1,1,1,1,1,1,1,1,1,1,1,0,1,1,0
"33",NA,"X11_NWFSC_ORWA",1,1,1,1,1,1,0,1,1,1,1,1,1,1,1,1,1,1,1,1,1,1,1,1,1,1,1,1,0,1,1,0
"34",NA,"X12_IPHC_ORWA",1,1,1,1,1,1,1,0,1,1,1,1,1,1,1,1,1,1,1,1,1,1,1,1,1,1,1,1,0,1,1,0
"3","Lt_likelihood",NA,NA,NA,NA,NA,NA,NA,NA,NA,NA,NA,NA,NA,NA,NA,NA,NA,NA,NA,NA,NA,NA,NA,NA,NA,NA,NA,NA,NA,NA,NA,NA,NA
"35",NA,"ALL",1197.83,1202.1,1195.4,1198.21,1206.79,1198.46,1203.53,1203.08,1016.7,1109.78,958.271,1153.36,1121.07,1085.37,1119.83,1052.32,1097.95,1182.65,1149.8,1161.87,1203.2,1193.25,1199.83,1200.55,1220.08,1197.52,1186.82,1197.15,1193.78,0,1170.42,1202.22
"36",NA,"X1_CA_TWL",179.728,179.674,179.879,179.719,179.667,179.739,179.643,179.631,183.813,179.178,180.319,179.622,179.591,178.794,179.731,179.056,179.821,179.745,179.605,179.778,179.456,179.587,179.864,179.207,180.01,178.797,180.23,179.515,179.89,285.194,181.725,179.625
"37",NA,"X2_CA_NONTWL",77.582,77.7306,77.3177,77.3696,77.7556,77.626,77.787,77.7067,77.4138,208.084,78.504,75.7185,76.0014,76.208,76.6596,78.2904,78.509,77.7649,77.6914,77.6061,77.8174,77.1032,78.1729,76.6749,76.0122,77.758,77.626,77.5216,76.9047,289.219,71.4541,77.3964
"38",NA,"X3_CA_REC",243.536,244.079,243.626,243.959,243.556,243.526,243.718,243.712,244.126,237.204,255.727,242.641,242.062,243.385,242.955,244.95,243.266,243.682,244.342,243.768,243.996,243.215,243.259,241.899,243.216,239.295,242.495,243.882,244.199,818.012,225.253,244.231
"39",NA,"X4_ORWA_TWL",48.6672,48.4593,48.1683,48.7972,48.8243,48.7348,48.9093,48.8885,48.6559,48.0532,48.1489,136.815,48.8014,47.8033,49.4712,49.3763,49.2376,49.1779,48.882,49.1668,48.9516,48.958,48.8628,48.5934,49.3955,49.1681,48.6329,48.5785,47.8415,314.39,50.4556,48.626
"40",NA,"X5_ORWA_NONTWL",82.1512,81.4389,81.7329,82.4097,82.1957,82.2327,82.1029,82.1264,82.1936,81.4114,80.7157,82.3401,430.717,84.4844,82.035,82.7198,82.6706,82.2226,82.1668,82.099,82.2015,83.2967,81.3355,82.5411,82.7293,82.1001,80.9496,82.7541,81.2622,1741.53,84.7509,81.6885
"41",NA,"X6_OR_REC",120.563,121.431,120.237,119.995,121.34,120.803,121.478,121.236,120.127,112.95,120.406,120.134,122.93,1791.65,119.334,120.618,124.4,122.197,121.982,119.693,120.752,116.343,119.227,122.507,120.907,123.405,115.384,119.447,119.817,344.88,111.637,121.044
"42",NA,"X7_WA_REC",75.7951,79.4617,75.9894,75.8026,83.1408,75.7411,79.3437,79.4581,75.8563,76.1381,78.9972,79.9336,79.2514,76.6856,130.045,80.251,75.7193,79.3307,79.1458,76.0824,79.5316,76.0456,79.2052,79.3074,96.7079,79.5463,75.0915,76.1067,76.1148,183.965,77.9999,79.552
"43",NA,"X8_CACPFV",153.417,153.094,152.851,153.698,153.493,153.469,153.573,153.6,151.848,153.886,153.561,153.622,154.099,152.557,153.418,161.5,152.748,153.47,154.205,153.758,153.846,154.534,152.637,153.013,154.245,150.168,153.161,153.818,152.677,539.236,142.694,153.49
"44",NA,"X9_OR_RECOB",103.735,103.863,102.993,103.776,104.108,103.911,104.179,103.891,103.817,108.499,103.858,106.021,105.995,110.513,103.035,103.876,144.162,104.534,103.078,103.112,103.947,101.732,105.264,104.288,104.64,104.641,100.728,102.941,102.279,176.279,101.377,103.612
"45",NA,"X10_TRI_ORWA",22.2947,22.3436,22.3387,22.2719,22.3311,22.292,22.3351,22.335,22.3279,22.1598,22.3317,22.5788,22.3815,23.0151,22.4682,22.1665,22.4295,89.493,22.3439,22.3295,22.2969,22.0337,22.1922,22.3995,22.2564,22.3359,21.6907,22.2093,22.3504,138.438,24.3008,22.3353
"46",NA,"X11_NWFSC_ORWA",54.0876,54.137,53.9463,54.1675,54.0991,54.1193,54.1499,54.1939,54.0462,53.3132,54.8253,53.9322,53.8575,54.9481,54.1078,54.7579,52.9032,54.185,479.416,54.4745,54.123,54.2063,53.4762,54.0281,53.7435,53.9699,54.2416,54.068,54.05,87.6918,60.5543,54.2631
"47",NA,"X12_IPHC_ORWA",36.2713,36.385,36.3195,36.2427,36.275,36.2611,36.3091,36.3067,36.2925,36.9899,36.6037,36.8132,36.1016,36.9756,36.6119,36.2596,36.2468,36.3384,36.3572,517.728,36.2839,36.1968,36.3387,36.0892,36.2123,36.3399,36.5859,36.3121,36.3901,74.4574,38.2201,36.3519
"4","Lt_lambda",NA,NA,NA,NA,NA,NA,NA,NA,NA,NA,NA,NA,NA,NA,NA,NA,NA,NA,NA,NA,NA,NA,NA,NA,NA,NA,NA,NA,NA,NA,NA,NA,NA
"48",NA,"ALL",NA,NA,NA,NA,NA,NA,NA,NA,NA,NA,NA,NA,NA,NA,NA,NA,NA,NA,NA,NA,NA,NA,NA,NA,NA,NA,NA,NA,NA,NA,NA,NA
"49",NA,"X1_CA_TWL",1,1,1,1,1,1,1,1,0,1,1,1,1,1,1,1,1,1,1,1,1,1,1,1,1,1,1,1,1,0,1,1
"50",NA,"X2_CA_NONTWL",1,1,1,1,1,1,1,1,1,0,1,1,1,1,1,1,1,1,1,1,1,1,1,1,1,1,1,1,1,0,1,1
"51",NA,"X3_CA_REC",1,1,1,1,1,1,1,1,1,1,0,1,1,1,1,1,1,1,1,1,1,1,1,1,1,1,1,1,1,0,1,1
"52",NA,"X4_ORWA_TWL",1,1,1,1,1,1,1,1,1,1,1,0,1,1,1,1,1,1,1,1,1,1,1,1,1,1,1,1,1,0,1,1
"53",NA,"X5_ORWA_NONTWL",1,1,1,1,1,1,1,1,1,1,1,1,0,1,1,1,1,1,1,1,1,1,1,1,1,1,1,1,1,0,1,1
"54",NA,"X6_OR_REC",1,1,1,1,1,1,1,1,1,1,1,1,1,0,1,1,1,1,1,1,1,1,1,1,1,1,1,1,1,0,1,1
"55",NA,"X7_WA_REC",1,1,1,1,1,1,1,1,1,1,1,1,1,1,0,1,1,1,1,1,1,1,1,1,1,1,1,1,1,0,1,1
"56",NA,"X8_CACPFV",1,1,1,1,1,1,1,1,1,1,1,1,1,1,1,0,1,1,1,1,1,1,1,1,1,1,1,1,1,0,1,1
"57",NA,"X9_OR_RECOB",1,1,1,1,1,1,1,1,1,1,1,1,1,1,1,1,0,1,1,1,1,1,1,1,1,1,1,1,1,0,1,1
"58",NA,"X10_TRI_ORWA",1,1,1,1,1,1,1,1,1,1,1,1,1,1,1,1,1,0,1,1,1,1,1,1,1,1,1,1,1,0,1,1
"59",NA,"X11_NWFSC_ORWA",1,1,1,1,1,1,1,1,1,1,1,1,1,1,1,1,1,1,0,1,1,1,1,1,1,1,1,1,1,0,1,1
"60",NA,"X12_IPHC_ORWA",1,1,1,1,1,1,1,1,1,1,1,1,1,1,1,1,1,1,1,0,1,1,1,1,1,1,1,1,1,0,1,1
"5","Age_likelihood",NA,NA,NA,NA,NA,NA,NA,NA,NA,NA,NA,NA,NA,NA,NA,NA,NA,NA,NA,NA,NA,NA,NA,NA,NA,NA,NA,NA,NA,NA,NA,NA,NA
"61",NA,"ALL",4478.75,4477.5,4480.08,4478.86,4477.82,4478.36,4477.56,4477.85,4478.29,4465.94,4470.28,4476.71,4478.42,4465.62,4479.86,4474.95,4474.21,4476.3,4476.87,4478.8,4348.85,4107.32,3969.68,3930.9,3725.66,3414.28,3524.11,4313.37,4480.41,4421.05,0,4477.55
"62",NA,"X1_CA_TWL",0,0,0,0,0,0,0,0,0,0,0,0,0,0,0,0,0,0,0,0,0,0,0,0,0,0,0,0,0,0,0,0
"63",NA,"X2_CA_NONTWL",127.606,127.495,127.669,127.615,127.538,127.577,127.501,127.519,127.724,127.794,127.85,127.412,127.563,126.506,127.717,127.719,127.241,127.441,127.481,127.636,129.534,128.378,128.012,126.942,126.527,125.995,128.597,127.625,127.674,125.964,162.269,127.484
"64",NA,"X3_CA_REC",371.792,371.077,371.677,372.413,371.567,371.75,371.548,371.646,372.149,365.862,371.668,371.219,371.859,365.572,372.535,372.354,369.718,371.275,371.609,372.144,372.193,385.447,372.661,370.488,374.453,368.619,371.003,370.54,371.528,351.27,440.538,371.436
"65",NA,"X4_ORWA_TWL",510.055,510.169,510.338,509.858,509.974,510.005,509.981,509.868,510.114,512.368,509.646,510.265,509.542,508.338,509.7,509.138,511.35,509.833,509.299,509.674,510.495,511.778,515.799,509.923,513.36,509.349,513.503,508.809,510.246,511.5,673.356,509.86
"66",NA,"X5_ORWA_NONTWL",548.071,547.979,547.959,548.218,548.068,548.105,548.027,548.059,547.527,545.75,546.027,547.271,547.915,548.71,547.938,547.446,548.13,548.098,547.937,547.837,547.552,547.391,547.959,555.318,545.059,554.97,548.999,546.706,548.01,541.976,760.279,548.097
"67",NA,"X6_OR_REC",743.846,743.579,744.345,743.846,743.709,743.742,743.622,743.702,743.807,739.397,741.866,743.527,744.593,742.079,744.303,744.079,743.379,743.406,743.255,743.71,743.078,747.624,745.615,741.466,768.678,740.552,738.206,744,744.626,739.14,1021.52,743.796
"68",NA,"X7_WA_REC",1061.52,1061.59,1060.97,1061.5,1061.67,1061.59,1061.65,1061.67,1060.99,1060.74,1057.65,1062.17,1061.96,1063.17,1061.85,1058.65,1061.93,1061.71,1061.46,1061.54,1060.32,1059.23,1060.83,1067.56,1058.21,1083.24,1063.35,1060,1060.71,1050.56,1433.39,1061.49
"69",NA,"X8_CACPFV",0,0,0,0,0,0,0,0,0,0,0,0,0,0,0,0,0,0,0,0,0,0,0,0,0,0,0,0,0,0,0,0
"70",NA,"X9_OR_RECOB",0,0,0,0,0,0,0,0,0,0,0,0,0,0,0,0,0,0,0,0,0,0,0,0,0,0,0,0,0,0,0,0
"71",NA,"X10_TRI_ORWA",0,0,0,0,0,0,0,0,0,0,0,0,0,0,0,0,0,0,0,0,0,0,0,0,0,0,0,0,0,0,0,0
"72",NA,"X11_NWFSC_ORWA",954.734,954.582,955.184,954.476,954.447,954.656,954.48,954.475,954.872,954.231,954.542,954.288,953.549,952.69,954.349,954.486,952.287,954.094,955.116,954.965,954.518,953.16,955.417,955.862,948.07,956.45,991.616,955.691,955.199,945.748,1246.01,954.375
"73",NA,"X12_IPHC_ORWA",161.12,161.026,161.942,160.939,160.856,160.932,160.754,160.915,161.105,159.799,161.034,160.558,161.435,158.56,161.464,161.079,160.176,160.445,160.712,161.293,160.688,159.756,159.186,158.659,159.986,158.344,160.455,168.402,162.411,154.892,160.461,161.013
"6","Age_lambda",NA,NA,NA,NA,NA,NA,NA,NA,NA,NA,NA,NA,NA,NA,NA,NA,NA,NA,NA,NA,NA,NA,NA,NA,NA,NA,NA,NA,NA,NA,NA,NA,NA
"74",NA,"ALL",NA,NA,NA,NA,NA,NA,NA,NA,NA,NA,NA,NA,NA,NA,NA,NA,NA,NA,NA,NA,NA,NA,NA,NA,NA,NA,NA,NA,NA,NA,NA,NA
"75",NA,"X1_CA_TWL",0,0,0,0,0,0,0,0,0,0,0,0,0,0,0,0,0,0,0,0,0,0,0,0,0,0,0,0,0,0,0,0
"76",NA,"X2_CA_NONTWL",1,1,1,1,1,1,1,1,1,1,1,1,1,1,1,1,1,1,1,1,0,1,1,1,1,1,1,1,1,1,0,1
"77",NA,"X3_CA_REC",1,1,1,1,1,1,1,1,1,1,1,1,1,1,1,1,1,1,1,1,1,0,1,1,1,1,1,1,1,1,0,1
"78",NA,"X4_ORWA_TWL",1,1,1,1,1,1,1,1,1,1,1,1,1,1,1,1,1,1,1,1,1,1,0,1,1,1,1,1,1,1,0,1
"79",NA,"X5_ORWA_NONTWL",1,1,1,1,1,1,1,1,1,1,1,1,1,1,1,1,1,1,1,1,1,1,1,0,1,1,1,1,1,1,0,1
"80",NA,"X6_OR_REC",1,1,1,1,1,1,1,1,1,1,1,1,1,1,1,1,1,1,1,1,1,1,1,1,0,1,1,1,1,1,0,1
"81",NA,"X7_WA_REC",1,1,1,1,1,1,1,1,1,1,1,1,1,1,1,1,1,1,1,1,1,1,1,1,1,0,1,1,1,1,0,1
"82",NA,"X8_CACPFV",0,0,0,0,0,0,0,0,0,0,0,0,0,0,0,0,0,0,0,0,0,0,0,0,0,0,0,0,0,0,0,0
"83",NA,"X9_OR_RECOB",0,0,0,0,0,0,0,0,0,0,0,0,0,0,0,0,0,0,0,0,0,0,0,0,0,0,0,0,0,0,0,0
"84",NA,"X10_TRI_ORWA",0,0,0,0,0,0,0,0,0,0,0,0,0,0,0,0,0,0,0,0,0,0,0,0,0,0,0,0,0,0,0,0
"85",NA,"X11_NWFSC_ORWA",1,1,1,1,1,1,1,1,1,1,1,1,1,1,1,1,1,1,1,1,1,1,1,1,1,1,0,1,1,1,0,1
"86",NA,"X12_IPHC_ORWA",1,1,1,1,1,1,1,1,1,1,1,1,1,1,1,1,1,1,1,1,1,1,1,1,1,1,1,0,1,1,0,1
"7","Parameters",NA,NA,NA,NA,NA,NA,NA,NA,NA,NA,NA,NA,NA,NA,NA,NA,NA,NA,NA,NA,NA,NA,NA,NA,NA,NA,NA,NA,NA,NA,NA,NA,NA
"87",NA,"NatM_p_1_Fem_GP_1",0.0439034,0.0439034,0.0439034,0.0439034,0.0439034,0.0439034,0.0439034,0.0439034,0.0439034,0.0439034,0.0439034,0.0439034,0.0439034,0.0439034,0.0439034,0.0439034,0.0439034,0.0439034,0.0439034,0.0439034,0.0439034,0.0439034,0.0439034,0.0439034,0.0439034,0.0439034,0.0439034,0.0439034,0.0439034,0.0439034,0.0439034,0.0439034
"88",NA,"L_at_Amin_Fem_GP_1",8.36044,8.17757,8.30131,8.40327,8.27633,8.3611,8.22952,8.23407,8.4358,8.54022,8.08597,8.22223,8.25457,7.05407,8.29514,8.34963,7.93653,8.1489,8.24733,8.39278,8.46867,8.61328,8.32667,7.92558,7.85871,8.04141,11.3401,8.09039,8.2688,4.61068,28.7421,8.20462
"89",NA,"L_at_Amax_Fem_GP_1",63.4217,63.3843,63.4235,63.414,63.4004,63.4187,63.3852,63.3856,63.4224,63.4108,63.3985,63.2325,63.4284,63.208,63.2896,63.4764,63.371,63.3261,63.3864,63.3808,63.473,63.5081,63.4474,63.0098,63.6446,62.9789,63.6593,63.7364,63.414,62.7196,60.3418,63.374
"90",NA,"VonBert_K_Fem_GP_1",0.0655252,0.0659128,0.0655255,0.0654771,0.0657525,0.0655538,0.0658763,0.0658471,0.0654252,0.0653976,0.0660682,0.0664556,0.0658605,0.0688943,0.0658562,0.0655464,0.0665086,0.0661839,0.0658933,0.0655816,0.0651689,0.0642458,0.0652288,0.0673883,0.0646434,0.0672873,0.0619645,0.0654947,0.0655246,0.0758151,0.0436361,0.0658905
"91",NA,"CV_young_Fem_GP_1",0.190412,0.19121,0.190934,0.190132,0.19072,0.190363,0.19091,0.19095,0.190558,0.186405,0.19105,0.190664,0.192242,0.19624,0.191545,0.188642,0.192571,0.19155,0.19066,0.190072,0.191698,0.182216,0.190053,0.190629,0.195019,0.19788,0.164841,0.193242,0.191222,0.215497,0.219047,0.191101
"92",NA,"CV_old_Fem_GP_1",0.0544598,0.0543779,0.0542816,0.054535,0.0544493,0.0544935,0.0544359,0.0544132,0.0541282,0.054751,0.0536123,0.0539748,0.0536626,0.0537698,0.053722,0.0545998,0.0541861,0.0542179,0.0544206,0.0543576,0.0537465,0.0549255,0.0551314,0.0579537,0.0534352,0.057705,0.0581285,0.0517655,0.0542218,0.0465411,0.0951731,0.0544199
"93",NA,"Wtlen_1_Fem",7.31281e-06,7.31281e-06,7.31281e-06,7.31281e-06,7.31281e-06,7.31281e-06,7.31281e-06,7.31281e-06,7.31281e-06,7.31281e-06,7.31281e-06,7.31281e-06,7.31281e-06,7.31281e-06,7.31281e-06,7.31281e-06,7.31281e-06,7.31281e-06,7.31281e-06,7.31281e-06,7.31281e-06,7.31281e-06,7.31281e-06,7.31281e-06,7.31281e-06,7.31281e-06,7.31281e-06,7.31281e-06,7.31281e-06,7.31281e-06,7.31281e-06,7.31281e-06
"94",NA,"Wtlen_2_Fem",3.24248,3.24248,3.24248,3.24248,3.24248,3.24248,3.24248,3.24248,3.24248,3.24248,3.24248,3.24248,3.24248,3.24248,3.24248,3.24248,3.24248,3.24248,3.24248,3.24248,3.24248,3.24248,3.24248,3.24248,3.24248,3.24248,3.24248,3.24248,3.24248,3.24248,3.24248,3.24248
"95",NA,"Mat50%_Fem",41.765,41.765,41.765,41.765,41.765,41.765,41.765,41.765,41.765,41.765,41.765,41.765,41.765,41.765,41.765,41.765,41.765,41.765,41.765,41.765,41.765,41.765,41.765,41.765,41.765,41.765,41.765,41.765,41.765,41.765,41.765,41.765
"96",NA,"Mat_slope_Fem",-0.36886,-0.36886,-0.36886,-0.36886,-0.36886,-0.36886,-0.36886,-0.36886,-0.36886,-0.36886,-0.36886,-0.36886,-0.36886,-0.36886,-0.36886,-0.36886,-0.36886,-0.36886,-0.36886,-0.36886,-0.36886,-0.36886,-0.36886,-0.36886,-0.36886,-0.36886,-0.36886,-0.36886,-0.36886,-0.36886,-0.36886,-0.36886
"97",NA,"Eggs_scalar_Fem",7.21847e-08,7.21847e-08,7.21847e-08,7.21847e-08,7.21847e-08,7.21847e-08,7.21847e-08,7.21847e-08,7.21847e-08,7.21847e-08,7.21847e-08,7.21847e-08,7.21847e-08,7.21847e-08,7.21847e-08,7.21847e-08,7.21847e-08,7.21847e-08,7.21847e-08,7.21847e-08,7.21847e-08,7.21847e-08,7.21847e-08,7.21847e-08,7.21847e-08,7.21847e-08,7.21847e-08,7.21847e-08,7.21847e-08,7.21847e-08,7.21847e-08,7.21847e-08
"98",NA,"Eggs_exp_len_Fem",4.043,4.043,4.043,4.043,4.043,4.043,4.043,4.043,4.043,4.043,4.043,4.043,4.043,4.043,4.043,4.043,4.043,4.043,4.043,4.043,4.043,4.043,4.043,4.043,4.043,4.043,4.043,4.043,4.043,4.043,4.043,4.043
"99",NA,"RecrDist_GP_1",1,1,1,1,1,1,1,1,1,1,1,1,1,1,1,1,1,1,1,1,1,1,1,1,1,1,1,1,1,1,1,1
"100",NA,"RecrDist_Area_1",0,0,0,0,0,0,0,0,0,0,0,0,0,0,0,0,0,0,0,0,0,0,0,0,0,0,0,0,0,0,0,0
"101",NA,"RecrDist_Area_2",0.408998,0.395734,0.392835,0.409848,0.40692,0.412517,0.402686,0.400636,0.413491,0.45078,0.378774,0.402676,0.430895,0.489022,0.357821,0.421839,0.432868,0.405747,0.406338,0.404646,0.399991,0.390612,0.398524,0.413991,0.379047,0.420459,0.403686,0.389158,0.384489,1.40905,0.69582,0.396868
"102",NA,"RecrDist_month_1",1,1,1,1,1,1,1,1,1,1,1,1,1,1,1,1,1,1,1,1,1,1,1,1,1,1,1,1,1,1,1,1
"103",NA,"CohortGrowDev",1,1,1,1,1,1,1,1,1,1,1,1,1,1,1,1,1,1,1,1,1,1,1,1,1,1,1,1,1,1,1,1
"104",NA,"FracFemale_GP_1",0.5,0.5,0.5,0.5,0.5,0.5,0.5,0.5,0.5,0.5,0.5,0.5,0.5,0.5,0.5,0.5,0.5,0.5,0.5,0.5,0.5,0.5,0.5,0.5,0.5,0.5,0.5,0.5,0.5,0.5,0.5,0.5
"105",NA,"SR_LN(R0)",5.38405,5.36942,5.34449,5.40688,5.38133,5.39044,5.37899,5.37972,5.37933,5.38635,5.3823,5.37801,5.38967,5.40818,5.36327,5.38019,5.38329,5.38344,5.3813,5.38311,5.37596,5.39836,5.36499,5.39998,5.35111,5.4183,5.37314,5.3596,5.34704,6.09074,5.58803,5.38847
"106",NA,"SR_BH_steep",0.718,0.718,0.718,0.718,0.718,0.718,0.718,0.718,0.718,0.718,0.718,0.718,0.718,0.718,0.718,0.718,0.718,0.718,0.718,0.718,0.718,0.718,0.718,0.718,0.718,0.718,0.718,0.718,0.718,0.718,0.718,0.718
"107",NA,"SR_sigmaR",0.5,0.5,0.5,0.5,0.5,0.5,0.5,0.5,0.5,0.5,0.5,0.5,0.5,0.5,0.5,0.5,0.5,0.5,0.5,0.5,0.5,0.5,0.5,0.5,0.5,0.5,0.5,0.5,0.5,0.5,0.5,0.5
"108",NA,"SR_regime",0,0,0,0,0,0,0,0,0,0,0,0,0,0,0,0,0,0,0,0,0,0,0,0,0,0,0,0,0,0,0,0
"109",NA,"SR_autocorr",0,0,0,0,0,0,0,0,0,0,0,0,0,0,0,0,0,0,0,0,0,0,0,0,0,0,0,0,0,0,0,0
"110",NA,"Early_RecrDev_1889",-0.0132574,-0.0109677,-0.00352443,-0.0202172,-0.0125975,-0.0150134,-0.0125015,-0.0130904,-0.0161844,-0.0395063,-0.0122555,-0.0108165,-0.0111202,-0.00902275,-0.0149486,-0.00579904,-0.00953074,-0.0156872,-0.0126309,-0.0133066,-0.0123823,-0.0128093,-0.0203212,-0.00868997,-0.0305257,0.0111009,-0.0130735,-0.016334,-0.00625589,0.0107297,0.0161216,-0.0171872
"111",NA,"Early_RecrDev_1890",-0.0136855,-0.0113204,-0.00362465,-0.0208771,-0.0130039,-0.0154992,-0.0129056,-0.0135143,-0.016707,-0.0408108,-0.0126415,-0.0111722,-0.0114788,-0.00931754,-0.0154388,-0.00597141,-0.0098366,-0.016197,-0.0130396,-0.0137378,-0.012782,-0.0132005,-0.0209889,-0.00897771,-0.0315673,0.0115021,-0.0134859,-0.0168523,-0.00644696,0.0110892,0.0166321,-0.0177469
"112",NA,"Early_RecrDev_1891",-0.0141241,-0.0116812,-0.00372463,-0.0215559,-0.0134216,-0.0159978,-0.0133196,-0.0139486,-0.017243,-0.0421529,-0.0130347,-0.0115373,-0.0118462,-0.00961982,-0.0159419,-0.00614583,-0.0101494,-0.0167196,-0.0134584,-0.0141798,-0.0131913,-0.013599,-0.0216756,-0.00927317,-0.0326441,0.011921,-0.0139071,-0.0173826,-0.00664238,0.011471,0.0171595,-0.0183221
"113",NA,"Early_RecrDev_1892",-0.0145762,-0.0120533,-0.00382715,-0.0222567,-0.0138525,-0.0165119,-0.0137466,-0.0143964,-0.0177933,-0.0435371,-0.0134383,-0.0119146,-0.0122255,-0.0099316,-0.0164614,-0.00632552,-0.0104719,-0.0172583,-0.0138903,-0.0146357,-0.0136136,-0.0140079,-0.0223841,-0.00957829,-0.0337591,0.0123563,-0.0143399,-0.0179279,-0.00684304,0.0118645,0.0176998,-0.0189152
"114",NA,"Early_RecrDev_1893",-0.0150378,-0.0124324,-0.00392804,-0.0229729,-0.0142941,-0.0170376,-0.0141825,-0.0148539,-0.0183567,-0.0449578,-0.0138479,-0.0123007,-0.0126125,-0.0102499,-0.0169933,-0.00650741,-0.0108006,-0.0178093,-0.0143313,-0.0151015,-0.0140445,-0.0144228,-0.0231117,-0.00989046,-0.0349082,0.0128117,-0.0147791,-0.0184835,-0.00704528,0.0122762,0.0182625,-0.0195226
"115",NA,"Early_RecrDev_1894",-0.0155142,-0.012824,-0.00403199,-0.0237128,-0.0147495,-0.01758,-0.0146325,-0.015326,-0.0189375,-0.0464219,-0.0142692,-0.0127007,-0.0130122,-0.0105779,-0.0175436,-0.0066943,-0.0111404,-0.0183779,-0.0147867,-0.0155826,-0.0144896,-0.0148495,-0.0238631,-0.0102145,-0.0360978,0.0132842,-0.01523,-0.0190542,-0.00725387,0.0126981,0.0188313,-0.0201498
"116",NA,"Early_RecrDev_1895",-0.0160054,-0.0132278,-0.00413857,-0.0244746,-0.0152128,-0.0181392,-0.0150967,-0.0158132,-0.019536,-0.0479295,-0.0147011,-0.0131145,-0.0134247,-0.010916,-0.0181122,-0.0068855,-0.0114909,-0.018964,-0.0152564,-0.016079,-0.0149487,-0.0152889,-0.0246391,-0.0105497,-0.0373291,0.0137755,-0.015693,-0.0196404,-0.0074684,0.0131331,0.0194108,-0.020796
"117",NA,"Early_RecrDev_1896",-0.0165128,-0.0136448,-0.00424871,-0.0252621,-0.0156949,-0.0187173,-0.0155762,-0.0163163,-0.0201534,-0.0494816,-0.015144,-0.0135432,-0.0138516,-0.0112649,-0.0186977,-0.00708333,-0.0118538,-0.0195688,-0.0157416,-0.0165923,-0.0154233,-0.0157437,-0.0254424,-0.0108968,-0.0386046,0.0142871,-0.0161695,-0.0202435,-0.00769085,0.013597,0.0200063,-0.0214641
"118",NA,"Early_RecrDev_1897",-0.0170376,-0.0140762,-0.00436317,-0.0260768,-0.0161956,-0.0193147,-0.0160719,-0.0168364,-0.0207905,-0.0510799,-0.0155981,-0.0139854,-0.0142932,-0.0116247,-0.0193032,-0.0072884,-0.0122294,-0.0201932,-0.0162432,-0.0171237,-0.0159144,-0.016217,-0.0262741,-0.011257,-0.0399254,0.0148189,-0.0166631,-0.0208638,-0.0079205,0.0140728,0.0205818,-0.0221536
"119",NA,"Early_RecrDev_1898",-0.0175738,-0.0145164,-0.00447607,-0.0269098,-0.0167032,-0.0199259,-0.0165787,-0.0173682,-0.021442,-0.0527152,-0.0160597,-0.014439,-0.0147443,-0.0119903,-0.0199247,-0.00749552,-0.012613,-0.0208322,-0.016756,-0.0176671,-0.0164165,-0.0167051,-0.0271285,-0.0116251,-0.0412863,0.0153779,-0.0171633,-0.021496,-0.00815254,0.0145674,0.0211848,-0.0228598
"120",NA,"Early_RecrDev_1899",-0.0181207,-0.0149644,-0.004586,-0.0277625,-0.017223,-0.0205503,-0.0170954,-0.0179108,-0.0221059,-0.0543884,-0.0165244,-0.0149024,-0.0152042,-0.0123618,-0.0205598,-0.00770138,-0.0130036,-0.0214826,-0.0172791,-0.0182222,-0.0169281,-0.0172105,-0.0280063,-0.0120017,-0.0426852,0.0159617,-0.017669,-0.0221367,-0.00838509,0.0151019,0.0217942,-0.0235828
"121",NA,"Early_RecrDev_1900",-0.0186993,-0.01544,-0.00471424,-0.0286559,-0.0177708,-0.0212085,-0.0176419,-0.018484,-0.0228026,-0.0561175,-0.0170129,-0.0153911,-0.0156935,-0.0127495,-0.021227,-0.00792902,-0.0134187,-0.0221652,-0.017832,-0.0188092,-0.0174724,-0.0177694,-0.0289295,-0.0123968,-0.0441484,0.0165814,-0.0182125,-0.0228124,-0.00863922,0.0156566,0.0224031,-0.0243405
"122",NA,"Early_RecrDev_1901",-0.0192784,-0.015913,-0.00482876,-0.0295576,-0.018325,-0.0218697,-0.018188,-0.0190574,-0.0235014,-0.0578716,-0.0174928,-0.0158768,-0.0161815,-0.0131311,-0.0218939,-0.00814745,-0.013831,-0.0228499,-0.0183848,-0.019397,-0.0180157,-0.0183341,-0.0298691,-0.0127887,-0.0456415,0.0172232,-0.0187576,-0.0234879,-0.00888369,0.0162502,0.02302,-0.0251035
"123",NA,"Early_RecrDev_1902",-0.0198495,-0.0163755,-0.00492077,-0.0304614,-0.0188635,-0.0225251,-0.0187258,-0.0196233,-0.0241928,-0.0596392,-0.017956,-0.0163542,-0.0166611,-0.0134973,-0.0225579,-0.00834638,-0.0142322,-0.0235305,-0.0189295,-0.0199777,-0.0185481,-0.0189103,-0.0308162,-0.0131627,-0.0471498,0.0178891,-0.0192871,-0.0241464,-0.00910873,0.0168889,0.0236569,-0.0258647
"124",NA,"Early_RecrDev_1903",-0.0204806,-0.0168947,-0.0050596,-0.0314341,-0.0194731,-0.0232427,-0.0193225,-0.020249,-0.0249461,-0.0614842,-0.018469,-0.0168886,-0.017199,-0.0139092,-0.0232886,-0.00859309,-0.0146879,-0.0242728,-0.0195333,-0.0206193,-0.019142,-0.0195812,-0.0318018,-0.0135788,-0.0487412,0.0185494,-0.0198709,-0.0248631,-0.00938514,0.0175178,0.0242873,-0.0266903
"125",NA,"Early_RecrDev_1904",-0.0211121,-0.0174111,-0.00518449,-0.0324151,-0.0200678,-0.0239633,-0.0199184,-0.020875,-0.0257012,-0.0633473,-0.0189723,-0.0174214,-0.017737,-0.0143047,-0.0240214,-0.00882907,-0.0151401,-0.0250168,-0.020139,-0.0212615,-0.0197355,-0.0202994,-0.0328008,-0.0139893,-0.0503587,0.0192564,-0.0204469,-0.0255827,-0.00965071,0.0181995,0.0249163,-0.0275206
"126",NA,"Early_RecrDev_1905",-0.0217345,-0.0179153,-0.00528573,-0.0333957,-0.0206572,-0.024677,-0.0205043,-0.0214915,-0.0264473,-0.0652148,-0.0194532,-0.017939,-0.0182637,-0.0146815,-0.0247464,-0.00904482,-0.0155789,-0.0257531,-0.020734,-0.0218959,-0.0203182,-0.0210697,-0.0337909,-0.0143806,-0.0519888,0.0200068,-0.0210097,-0.0262914,-0.00989561,0.0189449,0.0255374,-0.0283472
"127",NA,"Early_RecrDev_1906",-0.0223439,-0.0184028,-0.0053591,-0.0343712,-0.0212282,-0.02538,-0.021076,-0.0220946,-0.0271807,-0.0670823,-0.0199085,-0.0184392,-0.0187776,-0.0150287,-0.0254628,-0.00923682,-0.0159987,-0.0264764,-0.0213141,-0.0225166,-0.0208864,-0.0219093,-0.0347829,-0.0147441,-0.0536271,0.0208281,-0.0215561,-0.0269878,-0.0101176,0.0197567,0.0261478,-0.0291652
"128",NA,"Early_RecrDev_1907",-0.0228952,-0.01883,-0.00536035,-0.0352962,-0.0217536,-0.0260274,-0.0215894,-0.0226403,-0.0278553,-0.0689029,-0.0202911,-0.0188778,-0.0192333,-0.0153087,-0.0261238,-0.00936054,-0.0163568,-0.0271434,-0.0218367,-0.0230811,-0.021393,-0.0227891,-0.0357602,-0.0150385,-0.0552243,0.0217553,-0.0220358,-0.0276252,-0.0102701,0.0206662,0.026757,-0.0299296
"129",NA,"Early_RecrDev_1908",-0.0234196,-0.0192267,-0.0053208,-0.0362033,-0.0222362,-0.0266497,-0.0220745,-0.0231582,-0.0285023,-0.0707076,-0.0206315,-0.0192851,-0.0196616,-0.0155404,-0.0267619,-0.00944727,-0.0166833,-0.0277824,-0.0223304,-0.0236173,-0.0218703,-0.0237671,-0.0367122,-0.0152868,-0.0568087,0.0227664,-0.0224829,-0.0282378,-0.0103854,0.021664,0.0273509,-0.0306715
"130",NA,"Early_RecrDev_1909",-0.0239301,-0.0196059,-0.00525603,-0.037101,-0.0227167,-0.0272599,-0.0225439,-0.0236613,-0.0291369,-0.0725073,-0.0209405,-0.0196721,-0.0200722,-0.0157325,-0.0273889,-0.00951132,-0.0169896,-0.0284051,-0.0228079,-0.024142,-0.022331,-0.0248756,-0.0376627,-0.0154954,-0.0583893,0.0238755,-0.0229028,-0.0288489,-0.0104784,0.0227353,0.0279192,-0.0314015
"131",NA,"Early_RecrDev_1910",-0.0244225,-0.019965,-0.0051628,-0.0379855,-0.0231715,-0.0278537,-0.0229946,-0.0241464,-0.029753,-0.0742973,-0.0212125,-0.0200359,-0.0204713,-0.0158861,-0.028002,-0.0095502,-0.0172755,-0.0290082,-0.0232673,-0.0246486,-0.0227664,-0.0261388,-0.0385939,-0.0156646,-0.0599091,0.0250484,-0.023295,-0.0294411,-0.0105449,0.0238653,0.0284813,-0.0321163
"132",NA,"Early_RecrDev_1911",-0.0249075,-0.0203149,-0.00505359,-0.0388679,-0.0236139,-0.0284411,-0.0234373,-0.024624,-0.0303547,-0.0760755,-0.021457,-0.0203867,-0.0208686,-0.0160126,-0.0286063,-0.00957639,-0.017553,-0.0296009,-0.023717,-0.0251499,-0.0231833,-0.0275661,-0.0395346,-0.0158084,-0.0613717,0.0262705,-0.0236579,-0.0300285,-0.0105972,0.0250453,0.0289999,-0.0328246
"133",NA,"Early_RecrDev_1912",-0.0254008,-0.0206717,-0.00494687,-0.0397561,-0.0240852,-0.0290375,-0.0238878,-0.0251092,-0.0309547,-0.0778425,-0.0216914,-0.0207386,-0.0212832,-0.0161245,-0.0292179,-0.00960912,-0.0178384,-0.0301968,-0.0241743,-0.0256568,-0.0235935,-0.0291189,-0.0404923,-0.0159366,-0.0628364,0.0275291,-0.0240327,-0.0306313,-0.0106524,0.0262404,0.0294681,-0.0335424
"134",NA,"Early_RecrDev_1913",-0.0259991,-0.0211327,-0.00494396,-0.0407478,-0.0246236,-0.0297387,-0.0244425,-0.0256993,-0.0316511,-0.0796728,-0.0220063,-0.0211866,-0.021807,-0.0163165,-0.0299345,-0.00974889,-0.018228,-0.0308905,-0.0247351,-0.0262713,-0.0240911,-0.0308365,-0.0415558,-0.0161394,-0.0643932,0.0287279,-0.0244962,-0.0313526,-0.0108111,0.0273286,0.0299138,-0.0343623
"135",NA,"Early_RecrDev_1914",-0.0267946,-0.0217913,-0.00514211,-0.0419319,-0.025399,-0.0306359,-0.025194,-0.0264856,-0.0325309,-0.0816421,-0.0224997,-0.0218225,-0.0225373,-0.0166808,-0.0308449,-0.0100934,-0.0188171,-0.0317715,-0.0254925,-0.0270831,-0.0247603,-0.0327088,-0.0428203,-0.0165117,-0.0661227,0.0297561,-0.0251548,-0.0322838,-0.0111683,0.0282371,0.0303357,-0.035375
"136",NA,"Early_RecrDev_1915",-0.0279662,-0.0228284,-0.0057279,-0.0434781,-0.026525,-0.0319068,-0.0263219,-0.0276479,-0.0337712,-0.0839166,-0.0233627,-0.0228265,-0.023653,-0.0173957,-0.0321274,-0.0108275,-0.0197855,-0.0330172,-0.0266266,-0.0282698,-0.0257729,-0.0347676,-0.0444584,-0.017235,-0.068168,0.0304103,-0.0261803,-0.0336029,-0.0119077,0.0287613,0.0307205,-0.0367562
"137",NA,"Early_RecrDev_1916",-0.0296708,-0.0244027,-0.00686604,-0.0455421,-0.0281975,-0.0337069,-0.027984,-0.029343,-0.0355311,-0.0866399,-0.0247511,-0.0243564,-0.0253064,-0.0186263,-0.0339346,-0.0121156,-0.0212954,-0.0347807,-0.028293,-0.0299904,-0.0273147,-0.0369985,-0.0466194,-0.0184694,-0.0706534,0.0304994,-0.0277472,-0.0354664,-0.0131936,0.028681,0.0310782,-0.0386609
"138",NA,"Early_RecrDev_1917",-0.0321287,-0.0267374,-0.00878632,-0.0483343,-0.0306241,-0.0362551,-0.030402,-0.0317921,-0.0380227,-0.0900085,-0.0268829,-0.0266366,-0.0277215,-0.0206012,-0.0364856,-0.0141859,-0.0235708,-0.03729,-0.0307139,-0.0324641,-0.0295992,-0.0394386,-0.049515,-0.0204591,-0.0737412,0.0297558,-0.0300817,-0.0380866,-0.0152509,0.0278045,0.0314068,-0.0413049
"139",NA,"Early_RecrDev_1918",-0.0356285,-0.0301276,-0.0118087,-0.0521269,-0.0340899,-0.0398345,-0.033866,-0.0352836,-0.0415262,-0.0942395,-0.030049,-0.0299614,-0.031193,-0.0236149,-0.0400642,-0.0173522,-0.0269087,-0.0408266,-0.0341792,-0.0359786,-0.0328681,-0.0422098,-0.053406,-0.0234947,-0.0775772,0.0277981,-0.0334719,-0.0417509,-0.0183925,0.0257646,0.0316344,-0.0449659
"140",NA,"Early_RecrDev_1919",-0.0404433,-0.0348452,-0.0162048,-0.0571916,-0.0388845,-0.0447177,-0.0386481,-0.0400898,-0.0463167,-0.0996093,-0.0345213,-0.0346011,-0.0359965,-0.0279343,-0.0449415,-0.0218879,-0.0315806,-0.0456532,-0.0389609,-0.0408058,-0.0373821,-0.0455043,-0.058561,-0.027844,-0.0822922,0.0243414,-0.0381923,-0.0467441,-0.0228897,0.0222621,0.0317726,-0.049916
"141",NA,"Early_RecrDev_1920",-0.0467757,-0.0410933,-0.02218,-0.0637302,-0.0451915,-0.0511077,-0.044951,-0.0464136,-0.0525972,-0.106313,-0.0405015,-0.0407582,-0.0423378,-0.0337626,-0.0513189,-0.0279991,-0.0377889,-0.0519714,-0.0452619,-0.0471485,-0.043335,-0.0495657,-0.0651733,-0.033712,-0.0878756,0.0191511,-0.0444503,-0.0532751,-0.0289478,0.0172595,0.031825,-0.0563578
"142",NA,"Early_RecrDev_1921",-0.0547076,-0.0489555,-0.029824,-0.0718185,-0.0530961,-0.0590848,-0.0528571,-0.0543366,-0.0604539,-0.114408,-0.0480699,-0.0485157,-0.050302,-0.0411846,-0.0592757,-0.0357746,-0.0456179,-0.0598601,-0.0531643,-0.055088,-0.0508064,-0.0546773,-0.0733105,-0.0411895,-0.0941276,0.0120908,-0.0523371,-0.0614269,-0.0366538,0.0107258,0.0317806,-0.0643694
"143",NA,"Early_RecrDev_1922",-0.0641919,-0.058384,-0.0390889,-0.0814123,-0.0625696,-0.0686018,-0.0623188,-0.0638111,-0.069846,-0.123842,-0.0571795,-0.057825,-0.0598427,-0.0501504,-0.0687613,-0.0451674,-0.0550189,-0.069271,-0.0626208,-0.0645765,-0.0597563,-0.0611631,-0.0829156,-0.0502376,-0.100693,0.00317057,-0.061817,-0.0711537,-0.0459595,0.00262582,0.0316238,-0.0739035
"144",NA,"Early_RecrDev_1923",-0.0750293,-0.0691777,-0.0497671,-0.0923161,-0.0733929,-0.0794607,-0.0731365,-0.074638,-0.0805805,-0.134437,-0.0676292,-0.0684843,-0.0707582,-0.060456,-0.0795748,-0.0559773,-0.06579,-0.0800055,-0.0734317,-0.0754145,-0.0700062,-0.0693283,-0.0937829,-0.0606672,-0.107067,-0.00743607,-0.0727027,-0.082255,-0.0566586,-0.00679554,0.031338,-0.0847632
"145",NA,"Early_RecrDev_1924",-0.0868533,-0.0809674,-0.0614787,-0.10417,-0.0852064,-0.0912971,-0.0849431,-0.0864507,-0.0922941,-0.14586,-0.0790481,-0.0801261,-0.0826775,-0.0717291,-0.0913499,-0.0678294,-0.0775611,-0.0916997,-0.0852303,-0.0872358,-0.0812307,-0.0793704,-0.105542,-0.072124,-0.112643,-0.0193824,-0.0846466,-0.0943618,-0.0683742,-0.0170757,0.0308987,-0.0965865
"146",NA,"Early_RecrDev_1925",-0.0991363,-0.0932222,-0.0736772,-0.116459,-0.0974856,-0.103587,-0.0972109,-0.0987222,-0.104463,-0.157622,-0.090904,-0.0922243,-0.0950655,-0.083433,-0.103559,-0.0801871,-0.0898,-0.10383,-0.0974887,-0.0995135,-0.0929653,-0.0912882,-0.117662,-0.0841007,-0.116782,-0.0321619,-0.097125,-0.106939,-0.0805635,-0.0275497,0.030297,-0.108853
"147",NA,"Early_RecrDev_1926",-0.111179,-0.10524,-0.0856384,-0.128499,-0.109518,-0.115635,-0.109242,-0.110755,-0.116388,-0.169072,-0.102492,-0.104088,-0.107213,-0.0948574,-0.115511,-0.0923425,-0.101803,-0.115706,-0.109509,-0.111549,-0.104601,-0.104781,-0.129442,-0.0959299,-0.118855,-0.0451029,-0.109445,-0.119274,-0.0925078,-0.0374868,0.0295213,-0.120874
"148",NA,"Early_RecrDev_1927",-0.122147,-0.116183,-0.0965012,-0.13947,-0.120482,-0.126612,-0.120202,-0.121717,-0.127236,-0.179429,-0.112972,-0.114903,-0.118268,-0.105164,-0.126379,-0.103444,-0.112733,-0.126501,-0.120457,-0.12251,-0.115424,-0.119224,-0.140039,-0.106826,-0.118284,-0.0574279,-0.120771,-0.130508,-0.103351,-0.0459789,0.0285834,-0.131826
"149",NA,"Early_RecrDev_1928",-0.131188,-0.125197,-0.105387,-0.148535,-0.129525,-0.13567,-0.129242,-0.130759,-0.136148,-0.187901,-0.121481,-0.123844,-0.127355,-0.113499,-0.135313,-0.112618,-0.121737,-0.135373,-0.129483,-0.131545,-0.124735,-0.133765,-0.14858,-0.116007,-0.114611,-0.0683844,-0.130225,-0.139753,-0.112221,-0.0520513,0.0274702,-0.14087
"150",NA,"Early_RecrDev_1929",-0.137552,-0.131532,-0.111522,-0.154959,-0.135897,-0.142065,-0.135614,-0.137135,-0.142365,-0.193796,-0.12726,-0.1302,-0.133693,-0.119123,-0.141572,-0.119097,-0.128066,-0.141587,-0.135839,-0.137907,-0.131979,-0.147429,-0.154278,-0.122818,-0.107521,-0.0773811,-0.13703,-0.146205,-0.11835,-0.0550447,0.0261629,-0.147268
"151",NA,"Early_RecrDev_1930",-0.140808,-0.134758,-0.114461,-0.158317,-0.139167,-0.145365,-0.138891,-0.140417,-0.145443,-0.196709,-0.129869,-0.13357,-0.136813,-0.121618,-0.144734,-0.122425,-0.131292,-0.14472,-0.139097,-0.141166,-0.136956,-0.159311,-0.156633,-0.126932,-0.0969295,-0.0842186,-0.140694,-0.149375,-0.121295,-0.0546545,0.0246396,-0.150598
"152",NA,"Early_RecrDev_1931",-0.141127,-0.135052,-0.114381,-0.158782,-0.13951,-0.145745,-0.139247,-0.14078,-0.145537,-0.196806,-0.129487,-0.134153,-0.136866,-0.121173,-0.144989,-0.122766,-0.131595,-0.144946,-0.13943,-0.141497,-0.140095,-0.168771,-0.155711,-0.12862,-0.0832022,-0.0892964,-0.141304,-0.149387,-0.121234,-0.0513041,0.0228777,-0.151034
"153",NA,"Early_RecrDev_1932",-0.139384,-0.133292,-0.112178,-0.157209,-0.137802,-0.144071,-0.137556,-0.139098,-0.143512,-0.194942,-0.127002,-0.132806,-0.134721,-0.11867,-0.143224,-0.120987,-0.12985,-0.143137,-0.137711,-0.139774,-0.142478,-0.175562,-0.152254,-0.128816,-0.0672191,-0.0936726,-0.139645,-0.147076,-0.11906,-0.0462113,0.0208808,-0.149443
"154",NA,"Early_RecrDev_1933",-0.137104,-0.131009,-0.109427,-0.155101,-0.135554,-0.141862,-0.135341,-0.136891,-0.140891,-0.192587,-0.123975,-0.130995,-0.131927,-0.11563,-0.140965,-0.118641,-0.127582,-0.140798,-0.135461,-0.137525,-0.14567,-0.179786,-0.14765,-0.129031,-0.0504663,-0.0989656,-0.137178,-0.143997,-0.11634,-0.0412549,0.0186062,-0.147328
"155",NA,"Early_RecrDev_1934",-0.136273,-0.130193,-0.108189,-0.154404,-0.13476,-0.14109,-0.134579,-0.136138,-0.139676,-0.191613,-0.122448,-0.130616,-0.130527,-0.114035,-0.140197,-0.117757,-0.126778,-0.139889,-0.134661,-0.136729,-0.151365,-0.181983,-0.143763,-0.131115,-0.0350495,-0.106922,-0.13583,-0.142261,-0.115121,-0.0388001,0.0160666,-0.146643
"156",NA,"Early_RecrDev_1935",-0.138634,-0.132588,-0.11028,-0.156818,-0.137165,-0.143484,-0.137003,-0.138567,-0.14164,-0.193627,-0.124224,-0.13331,-0.132347,-0.115637,-0.142645,-0.120138,-0.129179,-0.142122,-0.137045,-0.139118,-0.160542,-0.182989,-0.142295,-0.136575,-0.0232162,-0.118723,-0.137346,-0.143805,-0.117205,-0.0407907,0.0132543,-0.149093
"157",NA,"Early_RecrDev_1936",-0.144887,-0.138892,-0.116443,-0.163023,-0.143442,-0.149737,-0.143305,-0.144869,-0.147515,-0.199251,-0.130039,-0.139697,-0.138151,-0.12115,-0.148967,-0.126532,-0.135485,-0.148173,-0.143308,-0.145382,-0.172714,-0.183777,-0.144028,-0.145881,-0.0165852,-0.134308,-0.142509,-0.149523,-0.123326,-0.0476636,0.0101235,-0.155354
"158",NA,"Early_RecrDev_1937",-0.154114,-0.148181,-0.12575,-0.172103,-0.152691,-0.158934,-0.152564,-0.154122,-0.156406,-0.207628,-0.138967,-0.148839,-0.147041,-0.129707,-0.158195,-0.136041,-0.144787,-0.157121,-0.152533,-0.154594,-0.18564,-0.185181,-0.148241,-0.157994,-0.0153887,-0.152065,-0.150524,-0.158593,-0.132555,-0.0579457,0.00665694,-0.164508
"159",NA,"Early_RecrDev_1938",-0.163969,-0.158106,-0.135794,-0.181749,-0.162568,-0.168739,-0.16244,-0.163987,-0.165967,-0.216661,-0.148613,-0.158428,-0.15664,-0.138992,-0.167952,-0.146296,-0.154741,-0.166637,-0.162382,-0.164404,-0.195935,-0.187665,-0.152847,-0.17059,-0.0183024,-0.16918,-0.159173,-0.168615,-0.142493,-0.0687229,0.00281214,-0.174233
"160",NA,"Early_RecrDev_1939",-0.171391,-0.165597,-0.143436,-0.188939,-0.170002,-0.176105,-0.169879,-0.171411,-0.173117,-0.223571,-0.155857,-0.165467,-0.163832,-0.145934,-0.175172,-0.154193,-0.162279,-0.173681,-0.169798,-0.171751,-0.200139,-0.190944,-0.155009,-0.180691,-0.0229745,-0.182396,-0.165478,-0.176366,-0.150012,-0.0765893,-0.00141243,-0.181501
"161",NA,"Early_RecrDev_1940",-0.173581,-0.167852,-0.145817,-0.190911,-0.172208,-0.178245,-0.172086,-0.173601,-0.175034,-0.225639,-0.157867,-0.167225,-0.165764,-0.14769,-0.177079,-0.156889,-0.164591,-0.175476,-0.171985,-0.173843,-0.195931,-0.193788,-0.152136,-0.185519,-0.0270091,-0.188803,-0.166625,-0.178898,-0.152266,-0.0787843,-0.00604911,-0.183541
"162",NA,"Early_RecrDev_1941",-0.168255,-0.162583,-0.140623,-0.185398,-0.1669,-0.172879,-0.166781,-0.168279,-0.16942,-0.220386,-0.152368,-0.161478,-0.160131,-0.14195,-0.171431,-0.152072,-0.159392,-0.169754,-0.166659,-0.168407,-0.182447,-0.193675,-0.142147,-0.182669,-0.0286676,-0.186001,-0.16024,-0.173906,-0.146951,-0.0734907,-0.0111118,-0.178085
"163",NA,"Early_RecrDev_1942",-0.153141,-0.147518,-0.125555,-0.170146,-0.151811,-0.157739,-0.151693,-0.153177,-0.154002,-0.205361,-0.137113,-0.145995,-0.144673,-0.126447,-0.155996,-0.137448,-0.144414,-0.154258,-0.151549,-0.153181,-0.159492,-0.186569,-0.122969,-0.169674,-0.0272084,-0.171724,-0.143942,-0.159258,-0.131778,-0.0591347,-0.0166235,-0.162877
"164",NA,"Early_RecrDev_1943",-0.125092,-0.119504,-0.0974029,-0.142046,-0.12379,-0.129689,-0.123677,-0.125154,-0.125633,-0.177475,-0.108957,-0.117645,-0.11626,-0.0980446,-0.127651,-0.109842,-0.116513,-0.125853,-0.123512,-0.125022,-0.125772,-0.16687,-0.0916112,-0.143292,-0.0233302,-0.143246,-0.114499,-0.132002,-0.103552,-0.0332494,-0.0227376,-0.1348
"165",NA,"Early_RecrDev_1944",-0.0797738,-0.0741844,-0.0517,-0.0968398,-0.0785024,-0.0844161,-0.0783954,-0.079878,-0.0799654,-0.132637,-0.0635276,-0.0720671,-0.0705308,-0.0523373,-0.0820616,-0.0648705,-0.0713275,-0.0802001,-0.0782125,-0.0795894,-0.0773967,-0.127788,-0.0437625,-0.0993337,-0.0195824,-0.0974394,-0.067521,-0.0878855,-0.0578324,0.00823932,-0.0292948,-0.0895623
"166",NA,"Early_RecrDev_1945",-0.0133122,-0.00763424,0.0156902,-0.0307963,-0.0120543,-0.0180851,-0.0119614,-0.0134763,-0.013126,-0.0674995,0.00310625,-0.00528464,-0.00349661,0.0148579,-0.0153617,0.00143734,-0.00488533,-0.013396,-0.0117613,-0.0130128,-0.0089998,-0.0629369,0.0246547,-0.0343554,-0.0198676,-0.0328827,0.000944356,-0.0229013,0.00946769,0.0700624,-0.0363843,-0.0233681
"167",NA,"Early_RecrDev_1946",0.0739818,0.0799167,0.104823,0.055582,0.0752649,0.0689439,0.0753438,0.0737515,0.0744916,0.0168946,0.0905336,0.0825894,0.0847253,0.103805,0.0721392,0.0888628,0.0826771,0.0743327,0.0755688,0.0743886,0.0818,0.030927,0.113716,0.0508144,-0.0269451,0.0457709,0.0907734,0.0630472,0.0983394,0.153857,-0.0436244,0.0633894
"168",NA,"Early_RecrDev_1947",0.170769,0.177216,0.204708,0.150819,0.172144,0.165297,0.172222,0.17049,0.171241,0.108544,0.18675,0.180493,0.183044,0.203883,0.169133,0.186009,0.180228,0.17179,0.17249,0.171263,0.185648,0.147881,0.212689,0.144689,-0.0397384,0.120873,0.190909,0.159404,0.197755,0.250771,-0.0512092,0.159345
"169",NA,"Early_RecrDev_1948",0.245571,0.252684,0.28315,0.223919,0.247098,0.239635,0.247196,0.2453,0.245035,0.177127,0.258375,0.256922,0.259896,0.283246,0.244284,0.260719,0.256194,0.247619,0.247519,0.246106,0.269574,0.260959,0.290386,0.21719,-0.0542018,0.158282,0.269502,0.236065,0.275735,0.328395,-0.0589886,0.233376
"170",NA,"Early_RecrDev_1949",0.248101,0.255416,0.286468,0.226396,0.249696,0.242168,0.249835,0.247917,0.245355,0.17773,0.253465,0.260557,0.263753,0.28792,0.2475,0.261335,0.259305,0.25125,0.250189,0.248623,0.277675,0.307917,0.294923,0.221588,-0.068563,0.123643,0.27381,0.24353,0.279315,0.32739,-0.0670452,0.236224
"171",NA,"Early_RecrDev_1950",0.156546,0.163288,0.191546,0.136997,0.158038,0.151215,0.158191,0.15646,0.151532,0.0909942,0.153415,0.168818,0.17182,0.193437,0.156898,0.166461,0.167018,0.160281,0.158522,0.157086,0.187268,0.237627,0.203251,0.136265,-0.0872414,0.0180006,0.180598,0.157263,0.185477,0.221183,-0.0753749,0.146196
"172",NA,"Early_RecrDev_1951",0.00919072,0.0151821,0.0403551,-0.00796804,0.0104955,0.00449363,0.0106403,0.00913351,0.00261778,-0.0503344,0.000162715,0.0209549,0.0234218,0.0412113,0.0105297,0.0162703,0.0183959,0.0130224,0.0109249,0.0098559,0.0404245,0.089534,0.0553233,-0.00482884,-0.115814,-0.123399,0.0307176,0.0126951,0.0353362,0.0566828,-0.083832,0.000320071
"173",NA,"Early_RecrDev_1952",-0.142285,-0.136846,-0.113466,-0.157867,-0.141158,-0.1466,-0.14104,-0.142385,-0.150056,-0.198213,-0.155062,-0.130608,-0.128898,-0.114739,-0.139993,-0.137158,-0.134246,-0.138521,-0.140804,-0.141411,-0.11269,-0.0692639,-0.0961375,-0.15173,-0.150427,-0.262806,-0.12234,-0.138222,-0.11779,-0.11062,-0.0924084,-0.150262
"174",NA,"Early_RecrDev_1953",-0.265376,-0.260296,-0.237617,-0.280076,-0.264406,-0.269512,-0.264323,-0.265565,-0.27435,-0.320213,-0.281241,-0.253348,-0.25255,-0.24175,-0.262183,-0.261746,-0.258321,-0.261698,-0.264137,-0.264263,-0.242006,-0.203809,-0.218752,-0.271156,-0.176114,-0.375281,-0.245987,-0.261947,-0.241494,-0.249955,-0.100989,-0.272903
"175",NA,"Early_RecrDev_1954",-0.344794,-0.339958,-0.317296,-0.359033,-0.343974,-0.348875,-0.343931,-0.345105,-0.355082,-0.400433,-0.364062,-0.33213,-0.332366,-0.324921,-0.340781,-0.342576,-0.338616,-0.341207,-0.343802,-0.343452,-0.331035,-0.303074,-0.297538,-0.346841,-0.176233,-0.448336,-0.3253,-0.342583,-0.320851,-0.348282,-0.1096,-0.352126
"176",NA,"Early_RecrDev_1955",-0.373899,-0.369233,-0.346093,-0.387957,-0.373217,-0.378007,-0.373233,-0.374363,-0.385564,-0.431834,-0.397419,-0.360357,-0.361769,-0.357991,-0.369121,-0.373209,-0.36855,-0.370418,-0.373174,-0.372347,-0.369846,-0.364151,-0.326059,-0.371684,-0.140016,-0.47705,-0.354017,-0.373145,-0.349388,-0.400104,-0.118095,-0.3812
"177",NA,"Early_RecrDev_1956",-0.350403,-0.34581,-0.321683,-0.364573,-0.349861,-0.35462,-0.349931,-0.351038,-0.363383,-0.412009,-0.379453,-0.335538,-0.338364,-0.338793,-0.344816,-0.351459,-0.345791,-0.347007,-0.349948,-0.34864,-0.353511,-0.383731,-0.302156,-0.343469,-0.0667763,-0.461356,-0.330295,-0.350815,-0.324765,-0.402704,-0.126426,-0.357815
"178",NA,"Early_RecrDev_1957",-0.279546,-0.274843,-0.249107,-0.294209,-0.279092,-0.28397,-0.279216,-0.280328,-0.293567,-0.346298,-0.316027,-0.262425,-0.267111,-0.272361,-0.272965,-0.282689,-0.275378,-0.276117,-0.279292,-0.277538,-0.284051,-0.358553,-0.231265,-0.267862,0.0222217,-0.408601,-0.260042,-0.279837,-0.25203,-0.359887,-0.134584,-0.287191
"179",NA,"Early_RecrDev_1958",-0.180536,-0.17543,-0.147414,-0.196122,-0.180059,-0.185259,-0.180208,-0.181371,-0.194915,-0.254339,-0.22719,-0.159607,-0.166891,-0.177476,-0.172723,-0.186384,-0.176209,-0.176852,-0.180298,-0.178236,-0.174353,-0.290807,-0.13293,-0.164851,0.0719771,-0.335965,-0.16361,-0.178107,-0.150209,-0.289748,-0.14219,-0.188437
"180",NA,"Early_RecrDev_1959",-0.0916379,-0.0857729,-0.0553486,-0.108301,-0.0909189,-0.096633,-0.0910168,-0.0922906,-0.104858,-0.174358,-0.151306,-0.0650454,-0.0758506,-0.0911938,-0.0826879,-0.101237,-0.0860873,-0.0874183,-0.091042,-0.0890785,-0.0581503,-0.19657,-0.0460563,-0.0739198,0.0329402,-0.267363,-0.0812397,-0.0828855,-0.0579593,-0.228206,-0.149343,-0.0994754
"181",NA,"Early_RecrDev_1960",-0.0805569,-0.0739348,-0.043283,-0.0972658,-0.0793784,-0.0854173,-0.0792803,-0.0806699,-0.0901301,-0.169544,-0.151217,-0.0484313,-0.0627538,-0.079492,-0.071471,-0.0945345,-0.0727444,-0.0757063,-0.0791626,-0.0780019,-0.00860619,-0.132606,-0.0399703,-0.0646748,-0.0794193,-0.240311,-0.0812572,-0.0637248,-0.0454743,-0.233164,-0.155982,-0.08735
"182",NA,"Early_RecrDev_1961",-0.193432,-0.18681,-0.159197,-0.208426,-0.191924,-0.197652,-0.19165,-0.193022,-0.197907,-0.27989,-0.265444,-0.159648,-0.175668,-0.191146,-0.185269,-0.210422,-0.184218,-0.188451,-0.191408,-0.191157,-0.0886382,-0.186061,-0.160029,-0.183412,-0.215603,-0.294514,-0.203654,-0.172779,-0.160728,-0.346199,-0.161851,-0.19849
"183",NA,"Early_RecrDev_1962",-0.364866,-0.35877,-0.334028,-0.377998,-0.363398,-0.368522,-0.363094,-0.364347,-0.36473,-0.444258,-0.432721,-0.331948,-0.34845,-0.364942,-0.357451,-0.383421,-0.356008,-0.360303,-0.362805,-0.362831,-0.248307,-0.330377,-0.336984,-0.361122,-0.335183,-0.40678,-0.378968,-0.345268,-0.334945,-0.517411,-0.166973,-0.368746
"184",NA,"Early_RecrDev_1963",-0.491457,-0.48587,-0.462204,-0.503518,-0.490238,-0.494858,-0.489999,-0.491128,-0.487182,-0.564148,-0.555838,-0.459547,-0.476322,-0.49704,-0.484239,-0.511351,-0.483798,-0.487521,-0.489704,-0.489534,-0.395503,-0.440978,-0.466906,-0.493119,-0.403061,-0.496289,-0.506649,-0.474233,-0.462614,-0.651425,-0.17081,-0.494889
"185",NA,"Early_RecrDev_1964",-0.498214,-0.492862,-0.468715,-0.510017,-0.497284,-0.501603,-0.497112,-0.498164,-0.489724,-0.565219,-0.561546,-0.466793,-0.483764,-0.510275,-0.490939,-0.519832,-0.49164,-0.494846,-0.496795,-0.496351,-0.467401,-0.426294,-0.475962,-0.505058,-0.380674,-0.482896,-0.514335,-0.482847,-0.468678,-0.669306,-0.173581,-0.501602
"186",NA,"Early_RecrDev_1965",-0.358889,-0.35331,-0.327254,-0.371304,-0.35814,-0.362416,-0.357943,-0.359045,-0.345786,-0.420143,-0.423721,-0.326922,-0.343908,-0.375395,-0.35194,-0.383457,-0.352101,-0.355646,-0.357481,-0.357183,-0.443719,-0.247547,-0.339898,-0.37074,-0.260892,-0.332122,-0.375715,-0.344718,-0.326876,-0.537233,-0.176515,-0.362402
"187",NA,"Early_RecrDev_1966",-0.16076,-0.154838,-0.126339,-0.174145,-0.160105,-0.164321,-0.159749,-0.161091,-0.142964,-0.210977,-0.225164,-0.1287,-0.143906,-0.176009,-0.155803,-0.190232,-0.151658,-0.156999,-0.158911,-0.159537,-0.336618,-0.0111302,-0.149818,-0.177209,-0.118842,-0.13624,-0.172992,-0.149102,-0.125882,-0.328889,-0.177241,-0.164455
"188",NA,"Early_RecrDev_1967",-0.0295318,-0.0243065,0.00468075,-0.0426325,-0.0293709,-0.032836,-0.029004,-0.0304413,-0.0087514,-0.0609359,-0.0837656,-0.00346568,-0.0128379,-0.0434865,-0.0276586,-0.0626252,-0.0194966,-0.0261076,-0.0279758,-0.0289738,-0.13558,0.034913,-0.0275106,-0.0527139,0.0131227,-0.0358813,-0.037303,-0.0230555,0.00520969,-0.175214,-0.177223,-0.0335466
"189",NA,"Early_RecrDev_1968",0.157182,0.161415,0.192093,0.14413,0.156465,0.153913,0.156683,0.155236,0.180757,0.147956,0.119653,0.173867,0.172206,0.13999,0.1563,0.121512,0.166725,0.159461,0.157746,0.157544,0.118856,0.13302,0.155295,0.118995,0.264977,0.0957181,0.150015,0.159381,0.192781,0.0271677,-0.176387,0.152175
"190",NA,"Early_RecrDev_1969",0.371973,0.374392,0.406475,0.359015,0.370107,0.368897,0.370064,0.368522,0.398491,0.396391,0.367527,0.378159,0.384935,0.353118,0.36644,0.335447,0.381298,0.372811,0.371324,0.372537,0.279005,0.336271,0.367078,0.309228,0.600361,0.244079,0.379761,0.371401,0.406494,0.290438,-0.175638,0.36495
"191",NA,"Early_RecrDev_1970",0.567374,0.570001,0.595337,0.556452,0.565544,0.564852,0.566013,0.564767,0.58696,0.601399,0.583373,0.56916,0.576248,0.559467,0.559849,0.538486,0.577594,0.568542,0.566796,0.567792,0.599704,0.388805,0.56303,0.487088,0.916371,0.401528,0.557211,0.570709,0.59634,0.552087,-0.174167,0.562346
"192",NA,"Early_RecrDev_1971",0.86017,0.857186,0.901779,0.842271,0.854735,0.85655,0.851948,0.849868,0.908015,0.997987,1.01998,0.848284,0.868463,0.823066,0.842812,0.814805,0.873251,0.854618,0.853165,0.86232,0.929395,0.818145,0.867831,0.756782,0.527717,0.669071,0.848687,0.860554,0.896017,1.01381,-0.173141,0.839701
"193",NA,"Early_RecrDev_1972",0.327319,0.325175,0.346239,0.316998,0.325531,0.325724,0.322216,0.320877,0.350506,0.410847,0.409126,0.314947,0.32938,0.309405,0.319889,0.305388,0.336041,0.323735,0.323511,0.329108,0.243481,0.392289,0.334563,0.318626,0.294221,0.254756,0.335551,0.330245,0.339461,0.434125,-0.173282,0.311937
"194",NA,"Early_RecrDev_1973",0.0170826,0.0160855,0.0377921,0.00608335,0.0158377,0.0153263,0.0124553,0.0110825,0.037726,0.113938,0.0944298,0.0018408,0.020126,0.00418956,0.0115649,-0.00541608,0.0276497,0.0143582,0.0136146,0.0191274,-0.00815425,-0.0600123,0.0255868,0.0234721,0.218315,-0.0598063,0.00699109,0.0217051,0.0306497,0.12924,-0.174966,0.00159839
"195",NA,"Early_RecrDev_1974",-0.0345684,-0.0341108,-0.0122999,-0.0458142,-0.0358624,-0.0366612,-0.0387686,-0.0399522,-0.016858,0.0576854,0.0346545,-0.0498758,-0.0337601,-0.0496152,-0.0393812,-0.0550427,-0.0243204,-0.037426,-0.0381365,-0.0323172,-0.0254634,-0.0238663,-0.0221799,-0.0286335,-0.0222663,-0.139144,-0.0724179,-0.0296065,-0.0184147,0.0387082,-0.178853,-0.0489708
"196",NA,"Early_RecrDev_1975",0.295651,0.298157,0.322547,0.281035,0.293683,0.293207,0.291365,0.289727,0.300399,0.430834,0.315227,0.273366,0.296212,0.28268,0.285507,0.264234,0.311185,0.293483,0.292272,0.298546,0.362521,0.341664,0.304332,0.339233,-0.121208,0.208849,0.246524,0.303365,0.312949,0.287266,-0.185108,0.277049
"197",NA,"Early_RecrDev_1976",0.213924,0.215434,0.233392,0.20191,0.211146,0.21233,0.209633,0.207999,0.205507,0.359906,0.161401,0.189311,0.210657,0.208682,0.198506,0.175132,0.229644,0.212053,0.210905,0.216602,0.276747,0.284283,0.21213,0.267244,-0.150595,0.264987,0.177793,0.220574,0.223472,0.127691,-0.193999,0.196395
"198",NA,"Early_RecrDev_1977",0.132771,0.131833,0.147953,0.122531,0.130704,0.131836,0.127491,0.125513,0.132985,0.315709,0.0809893,0.103964,0.119747,0.131555,0.112026,0.08157,0.150781,0.130017,0.129742,0.136748,0.0277186,0.102398,0.131108,0.167743,0.0750575,0.247192,0.12626,0.13838,0.13667,0.0840598,-0.203696,0.114044
"199",NA,"Early_RecrDev_1978",-0.0790304,-0.0806941,-0.0726087,-0.0843589,-0.0790874,-0.0788214,-0.0829391,-0.0845348,-0.070544,0.0848742,-0.110481,-0.106041,-0.0955575,-0.0680176,-0.0974592,-0.138787,-0.0606273,-0.0797352,-0.0810092,-0.0754912,-0.233951,-0.121783,-0.0766196,-0.0632529,0.270852,0.0206037,-0.101355,-0.0719076,-0.0818518,-0.0616093,-0.204314,-0.092762
"200",NA,"Early_RecrDev_1979",0.0474149,0.043485,0.0299386,0.0568641,0.0489809,0.0514026,0.0447108,0.0443481,0.0627534,0.298082,0.0142958,0.0127593,0.0162157,0.0617163,0.0322184,-0.0323873,0.0609217,0.0505572,0.0467194,0.0511806,-0.0087937,-0.00838626,0.0554745,0.0369097,0.259087,0.0998011,-0.0201253,0.0594121,0.0259318,0.0399296,-0.196281,0.0448781
"201",NA,"Main_RecrDev_1980",0.204482,0.214266,0.240626,0.179056,0.214507,0.200029,0.211793,0.206896,0.218875,0.394104,0.173493,0.189863,0.192527,0.27348,0.177787,0.125148,0.256221,0.21157,0.214939,0.210596,0.296367,0.276516,0.224213,0.147003,0.0963665,0.247579,0.132519,0.204568,0.217788,0.348598,-0.192766,0.183419
"202",NA,"Main_RecrDev_1981",0.444371,0.447946,0.450681,0.433042,0.454847,0.443659,0.45475,0.450937,0.450391,0.379099,0.432058,0.422112,0.431502,0.441802,0.389206,0.349608,0.479314,0.456036,0.458652,0.451239,0.49739,0.435769,0.458108,0.328973,0.374139,0.673738,0.421139,0.433929,0.431129,0.447191,-0.0492871,0.43314
"203",NA,"Main_RecrDev_1982",0.693773,0.680103,0.651584,0.729453,0.697811,0.70192,0.701207,0.699963,0.720539,1.3668,0.855747,0.646538,0.666123,0.631607,0.689729,0.800807,0.710664,0.71238,0.706365,0.703072,0.676765,0.681164,0.704001,0.620231,0.454963,0.673375,0.718061,0.668193,0.640016,1.44632,0.310695,0.701612
"204",NA,"Main_RecrDev_1983",0.358388,0.3576,0.377108,0.341892,0.362406,0.354295,0.362087,0.358398,0.371105,0.207773,0.371689,0.351675,0.360251,0.336618,0.34688,0.500598,0.387444,0.36057,0.36493,0.364232,0.346144,0.3572,0.359691,0.35003,0.590141,0.138918,0.384767,0.343691,0.361499,0.593193,1.08586,0.340193
"205",NA,"Main_RecrDev_1984",0.479459,0.472045,0.444001,0.514099,0.487375,0.485909,0.490919,0.489674,0.485855,0.861163,0.513762,0.4391,0.458945,0.397182,0.451422,0.614745,0.508883,0.495144,0.496383,0.487689,0.50166,0.506787,0.463347,0.530355,0.519845,0.123399,0.38578,0.495798,0.434439,0.9293,0.379568,0.492147
"206",NA,"Main_RecrDev_1985",0.122441,0.11567,0.0992959,0.140625,0.127985,0.126184,0.133031,0.130855,0.129485,0.306721,0.173883,0.0985076,0.121358,0.0587297,0.113271,0.0976236,0.152719,0.135665,0.137562,0.129843,0.130843,0.13366,0.127816,0.187474,0.107436,0.166981,0.0847412,0.124146,0.0838416,0.322329,-0.0498518,0.123951
"207",NA,"Main_RecrDev_1986",-0.149573,-0.160004,-0.176867,-0.130373,-0.145743,-0.145107,-0.140222,-0.142498,-0.140764,0.0631642,-0.122603,-0.157625,-0.136081,-0.202798,-0.158208,-0.191937,-0.116386,-0.134451,-0.135964,-0.141469,-0.146292,-0.134934,-0.141893,-0.0909745,-0.200869,0.105462,-0.164536,-0.150541,-0.195025,0.0588303,0.113185,-0.150566
"208",NA,"Main_RecrDev_1987",-0.246979,-0.266515,-0.289917,-0.218549,-0.247431,-0.240169,-0.24016,-0.241934,-0.24096,-0.0206292,-0.246186,-0.238975,-0.217056,-0.322915,-0.24985,-0.256725,-0.219808,-0.233789,-0.235787,-0.236523,-0.241985,-0.217377,-0.246297,-0.221233,-0.330859,-0.176261,-0.130983,-0.246274,-0.310624,-0.0333968,0.419872,-0.249492
"209",NA,"Main_RecrDev_1988",-0.389909,-0.415127,-0.437347,-0.359605,-0.394368,-0.382595,-0.385581,-0.386827,-0.377882,-0.248674,-0.397475,-0.369905,-0.343008,-0.482179,-0.38408,-0.338158,-0.36806,-0.382509,-0.382542,-0.378731,-0.383236,-0.354284,-0.384168,-0.404737,-0.387223,-0.500931,-0.211247,-0.391636,-0.459779,-0.142615,0.3748,-0.39587
"210",NA,"Main_RecrDev_1989",-0.523695,-0.554944,-0.57513,-0.491325,-0.529134,-0.515639,-0.522803,-0.523328,-0.50684,-0.435893,-0.546093,-0.496938,-0.462878,-0.612741,-0.506414,-0.449805,-0.501214,-0.517818,-0.52157,-0.511882,-0.518971,-0.483374,-0.513043,-0.505386,-0.50742,-0.647738,-0.499595,-0.526255,-0.59813,-0.261998,0.341111,-0.532916
"211",NA,"Main_RecrDev_1990",-0.697773,-0.732602,-0.746125,-0.66846,-0.70027,-0.690086,-0.70061,-0.700725,-0.686226,-0.642038,-0.764145,-0.661737,-0.629237,-0.750459,-0.670465,-0.657935,-0.672019,-0.693012,-0.700125,-0.684779,-0.699923,-0.655443,-0.658779,-0.647926,-0.704793,-0.684233,-0.779614,-0.698787,-0.769216,-0.50439,0.061374,-0.711639
"212",NA,"Main_RecrDev_1991",-0.837143,-0.871847,-0.875586,-0.815686,-0.838273,-0.831041,-0.842598,-0.84285,-0.829882,-0.810364,-0.932911,-0.792421,-0.765244,-0.857688,-0.811682,-0.835194,-0.810736,-0.83834,-0.841638,-0.823686,-0.845784,-0.79533,-0.751048,-0.806618,-0.804701,-0.713173,-0.916237,-0.840943,-0.898846,-0.723253,0.143873,-0.856024
"213",NA,"Main_RecrDev_1992",-0.620172,-0.655402,-0.648491,-0.606689,-0.622519,-0.616015,-0.629246,-0.629629,-0.612551,-0.619604,-0.725406,-0.574172,-0.550215,-0.639203,-0.600664,-0.628889,-0.598138,-0.629768,-0.628316,-0.606833,-0.631567,-0.576094,-0.507833,-0.605431,-0.569828,-0.50038,-0.699192,-0.62703,-0.671611,-0.534433,0.336244,-0.645004
"214",NA,"Main_RecrDev_1993",0.329732,0.270876,0.247278,0.379682,0.325443,0.342454,0.314672,0.318818,0.340619,0.337581,0.250213,0.382202,0.429489,0.329671,0.367194,0.367381,0.331697,0.333563,0.317044,0.350498,0.322961,0.379273,0.090294,0.307076,0.339205,0.299323,0.0784388,0.330298,0.228023,0.642095,-0.130307,0.313384
"215",NA,"Main_RecrDev_1994",0.0145969,-0.0113372,-0.0333991,0.0396487,0.0176389,0.0220644,0.0196883,0.0249898,-0.00622691,-0.0912044,0.0167456,0.0741126,0.117248,0.116377,0.0509256,0.0931923,-0.0167828,0.0322426,0.0567916,0.0348916,0.0170587,0.0202439,-0.243279,0.0359878,0.00303666,0.0469618,-0.0563007,0.0180712,-0.0446519,0.210397,-0.284774,0.0191205
"216",NA,"Main_RecrDev_1995",-0.754638,-0.779098,-0.775622,-0.744592,-0.753764,-0.751547,-0.75717,-0.753933,-0.762986,-0.8428,-0.794501,-0.70829,-0.677446,-0.736794,-0.730775,-0.722375,-0.786822,-0.751327,-0.728001,-0.737896,-0.759172,-0.737452,-0.702781,-0.733255,-0.763871,-0.73828,-0.639643,-0.755561,-0.787846,-0.698834,-0.402594,-0.764716
"217",NA,"Main_RecrDev_1996",-0.788218,-0.814644,-0.811475,-0.775555,-0.787426,-0.784863,-0.792946,-0.788631,-0.790607,-0.868979,-0.819001,-0.747236,-0.719636,-0.811001,-0.762,-0.756778,-0.841581,-0.787117,-0.76022,-0.770377,-0.794987,-0.781296,-0.692793,-0.774498,-0.787535,-0.78126,-0.704852,-0.787935,-0.82013,-0.810813,-0.548646,-0.796551
"218",NA,"Main_RecrDev_1997",-0.608562,-0.631379,-0.623739,-0.600721,-0.606433,-0.606623,-0.612869,-0.60841,-0.605514,-0.683997,-0.625262,-0.572218,-0.554626,-0.669975,-0.583219,-0.575648,-0.679965,-0.608065,-0.580716,-0.59113,-0.615917,-0.653266,-0.57711,-0.607321,-0.572636,-0.591646,-0.428312,-0.608284,-0.629946,-0.716844,-0.599799,-0.616289
"219",NA,"Main_RecrDev_1998",-0.0797702,-0.0999942,-0.0861588,-0.0788827,-0.0756036,-0.07966,-0.0835113,-0.0788332,-0.0763638,-0.167296,-0.0983158,-0.0473792,-0.029664,-0.164501,-0.0600042,-0.0507915,-0.164689,-0.0791566,-0.0586821,-0.0656478,-0.0829655,-0.220397,-0.0648735,-0.088033,-0.0377628,-0.0345903,0.0642824,-0.078197,-0.0900845,-0.273704,-0.5847,-0.0891884
"220",NA,"Main_RecrDev_1999",0.581646,0.562545,0.52259,0.620315,0.569225,0.590448,0.573303,0.583512,0.573859,0.537141,0.617198,0.596914,0.557949,0.502429,0.60333,0.638402,0.325868,0.580219,0.665697,0.622387,0.571814,0.721464,0.550448,0.553812,0.536247,0.507522,0.105845,0.603233,0.547008,0.0867081,-0.507513,0.609322
"221",NA,"Main_RecrDev_2000",-0.104214,-0.100421,-0.078572,-0.122513,-0.111188,-0.109009,-0.107407,-0.10666,-0.112029,-0.193676,-0.0910638,-0.0943937,-0.110869,-0.113576,-0.116258,-0.0708395,-0.21861,-0.122951,-0.073651,-0.0848058,-0.110657,0.0732519,-0.182481,-0.129247,-0.113715,-0.188133,0.137115,-0.102847,-0.076269,-0.37272,-0.436742,-0.113719
"222",NA,"Main_RecrDev_2001",0.166393,0.167346,0.196134,0.145403,0.156647,0.161004,0.16026,0.160848,0.161499,0.0666642,0.182792,0.168514,0.15941,0.129984,0.145118,0.197081,0.0601985,0.129903,0.184523,0.188603,0.167178,0.546395,0.0262456,0.119828,0.166198,0.0686871,0.420971,0.163156,0.197939,-0.0851197,-0.512873,0.15143
"223",NA,"Main_RecrDev_2002",1.1579,1.16058,1.11691,1.18632,1.14105,1.16367,1.14342,1.15212,1.14376,1.13218,1.22851,1.12689,1.0833,1.11359,1.16859,1.1791,1.00937,1.15581,1.22867,1.20316,1.14482,0.827218,1.07288,1.12863,1.12181,1.14835,0.930985,1.17863,1.16043,0.761518,-0.393018,1.19304
"224",NA,"Main_RecrDev_2003",0.410473,0.429026,0.432072,0.392892,0.407143,0.406487,0.401834,0.400784,0.407399,0.341868,0.421118,0.396928,0.335754,0.42863,0.404842,0.370711,0.47021,0.391821,0.374104,0.407922,0.405898,0.126567,0.44737,0.424368,0.375436,0.437313,0.683904,0.404169,0.453912,0.238039,-0.237046,0.413631
"225",NA,"Main_RecrDev_2004",-0.373058,-0.354321,-0.350204,-0.38678,-0.377802,-0.376734,-0.378347,-0.378062,-0.379928,-0.445415,-0.339637,-0.393683,-0.427791,-0.355608,-0.379537,-0.383382,-0.353993,-0.382403,-0.354098,-0.357065,-0.379851,-0.288898,-0.415641,-0.379234,-0.372859,-0.365654,-0.222979,-0.372472,-0.330178,-0.514184,-0.0945832,-0.364856
"226",NA,"Main_RecrDev_2005",-0.135477,-0.112508,-0.124669,-0.141861,-0.142084,-0.1374,-0.143497,-0.141995,-0.14127,-0.199879,-0.092895,-0.156832,-0.208442,-0.120981,-0.142711,-0.158903,-0.116047,-0.14676,-0.124137,-0.121436,-0.143263,-0.0918323,-0.136836,-0.147634,-0.14289,-0.137473,-0.384543,-0.132823,-0.0914167,-0.32745,0.148046,-0.115027
"227",NA,"Main_RecrDev_2006",0.0955543,0.128085,0.109217,0.0874207,0.0912443,0.0932194,0.0896473,0.090819,0.0892748,0.0250921,0.145025,0.0580942,0.0152874,0.133644,0.0877832,0.0585453,0.129392,0.0862626,0.0889375,0.103266,0.0861969,0.0639166,0.166455,0.0848449,0.0713217,0.0869048,-0.22949,0.100879,0.150211,-0.0889549,0.357493,0.125122
"228",NA,"Main_RecrDev_2007",0.325814,0.369089,0.347698,0.311879,0.325794,0.322423,0.324332,0.324552,0.318481,0.241816,0.37715,0.281702,0.243921,0.404509,0.319187,0.275041,0.379603,0.321731,0.324827,0.305785,0.315565,0.292969,0.315879,0.328893,0.296768,0.33491,0.137274,0.334531,0.392556,0.147084,0.106598,0.362112
"229",NA,"Main_RecrDev_2008",0.731484,0.777678,0.746402,0.723008,0.728985,0.728815,0.724806,0.725676,0.725913,0.661114,0.747179,0.647448,0.600489,0.762849,0.725718,0.647827,0.756955,0.718585,0.679025,0.68052,0.724529,0.6284,0.733163,0.712336,0.711449,0.709767,0.47779,0.730325,0.804682,0.20547,-0.0264542,0.777854
"230",NA,"Main_RecrDev_2009",0.411482,0.451639,0.449457,0.38841,0.411617,0.405446,0.410659,0.409278,0.404508,0.315914,0.378849,0.343521,0.315948,0.48425,0.402371,0.285462,0.457881,0.404149,0.331207,0.360642,0.40726,0.296666,0.545049,0.406717,0.436092,0.410306,0.531382,0.409802,0.482734,0.0414894,-0.0311005,0.434285
"231",NA,"Main_RecrDev_2010",0.479411,0.532131,0.52461,0.45186,0.48534,0.472891,0.488343,0.486519,0.465865,0.366114,0.44501,0.430835,0.400189,0.619755,0.473011,0.301761,0.536974,0.486505,0.397448,0.408631,0.465357,0.298632,0.608975,0.504589,0.545513,0.489123,0.519913,0.495418,0.557781,0.132479,0.132466,0.511656
"232",NA,"Main_RecrDev_2011",0.399985,0.43236,0.455967,0.366533,0.401939,0.391393,0.402678,0.399818,0.391885,0.286553,0.357847,0.37227,0.363314,0.465649,0.388384,0.264433,0.423644,0.395365,0.291388,0.337658,0.394933,0.421136,0.386038,0.403307,0.445649,0.405253,0.322084,0.396708,0.468485,0.12686,0.0867948,0.403439
"233",NA,"Main_RecrDev_2012",-0.299864,-0.27429,-0.226717,-0.343472,-0.295251,-0.310875,-0.294488,-0.298636,-0.307607,-0.428893,-0.315962,-0.293925,-0.29753,-0.228221,-0.311893,-0.332893,-0.266661,-0.302048,-0.36594,-0.338087,-0.30391,-0.260368,-0.302779,-0.289094,-0.245254,-0.282182,-0.00407413,-0.303132,-0.232403,-0.295697,0.180883,-0.313813
"234",NA,"Main_RecrDev_2013",-0.290457,-0.264889,-0.211256,-0.337942,-0.283741,-0.302154,-0.281778,-0.286616,-0.29972,-0.421781,-0.282107,-0.270115,-0.271798,-0.194818,-0.302682,-0.287532,-0.23391,-0.288076,-0.325404,-0.324199,-0.297315,-0.297481,-0.273808,-0.269098,-0.226015,-0.268819,-0.138109,-0.290575,-0.224358,-0.136933,0.00131809,-0.308919
"235",NA,"Main_RecrDev_2014",-0.319872,-0.298113,-0.236165,-0.370141,-0.313075,-0.332243,-0.311577,-0.316873,-0.32789,-0.453053,-0.309663,-0.291695,-0.291887,-0.230741,-0.332428,-0.302786,-0.266047,-0.318467,-0.326931,-0.359807,-0.32541,-0.337169,-0.306919,-0.298689,-0.266718,-0.294733,-0.160056,-0.323123,-0.255477,-0.13619,0.38461,-0.345199
"236",NA,"Main_RecrDev_2015",-0.188018,-0.171544,-0.104188,-0.238394,-0.182889,-0.200557,-0.182621,-0.188023,-0.194069,-0.316692,-0.185041,-0.159692,-0.159598,-0.136553,-0.201881,-0.166901,-0.145566,-0.19146,-0.174773,-0.216279,-0.191531,-0.202229,-0.177616,-0.176049,-0.156669,-0.168382,-0.167231,-0.199134,-0.126485,-0.0803664,0.117267,-0.21907
"237",NA,"Late_RecrDev_2016",0,0,0,0,0,0,0,0,0,0,0,0,0,0,0,0,0,0,0,0,0,0,0,0,0,0,0,0,0,0,0,0
"238",NA,"ForeRecr_2017",0,0,0,0,0,0,0,0,0,0,0,0,0,0,0,0,0,0,0,0,0,0,0,0,0,0,0,0,0,0,0,0
"239",NA,"ForeRecr_2018",0,0,0,0,0,0,0,0,0,0,0,0,0,0,0,0,0,0,0,0,0,0,0,0,0,0,0,0,0,0,0,0
"240",NA,"ForeRecr_2019",0,0,0,0,0,0,0,0,0,0,0,0,0,0,0,0,0,0,0,0,0,0,0,0,0,0,0,0,0,0,0,0
"241",NA,"ForeRecr_2020",0,0,0,0,0,0,0,0,0,0,0,0,0,0,0,0,0,0,0,0,0,0,0,0,0,0,0,0,0,0,0,0
"242",NA,"ForeRecr_2021",0,0,0,0,0,0,0,0,0,0,0,0,0,0,0,0,0,0,0,0,0,0,0,0,0,0,0,0,0,0,0,0
"243",NA,"ForeRecr_2022",0,0,0,0,0,0,0,0,0,0,0,0,0,0,0,0,0,0,0,0,0,0,0,0,0,0,0,0,0,0,0,0
"244",NA,"ForeRecr_2023",0,0,0,0,0,0,0,0,0,0,0,0,0,0,0,0,0,0,0,0,0,0,0,0,0,0,0,0,0,0,0,0
"245",NA,"ForeRecr_2024",0,0,0,0,0,0,0,0,0,0,0,0,0,0,0,0,0,0,0,0,0,0,0,0,0,0,0,0,0,0,0,0
"246",NA,"ForeRecr_2025",0,0,0,0,0,0,0,0,0,0,0,0,0,0,0,0,0,0,0,0,0,0,0,0,0,0,0,0,0,0,0,0
"247",NA,"ForeRecr_2026",0,0,0,0,0,0,0,0,0,0,0,0,0,0,0,0,0,0,0,0,0,0,0,0,0,0,0,0,0,0,0,0
"248",NA,"ForeRecr_2027",0,0,0,0,0,0,0,0,0,0,0,0,0,0,0,0,0,0,0,0,0,0,0,0,0,0,0,0,0,0,0,0
"249",NA,"ForeRecr_2028",0,0,0,0,0,0,0,0,0,0,0,0,0,0,0,0,0,0,0,0,0,0,0,0,0,0,0,0,0,0,0,0
"250",NA,"Impl_err_2017",0,0,0,0,0,0,0,0,0,0,0,0,0,0,0,0,0,0,0,0,0,0,0,0,0,0,0,0,0,0,0,0
"251",NA,"Impl_err_2018",0,0,0,0,0,0,0,0,0,0,0,0,0,0,0,0,0,0,0,0,0,0,0,0,0,0,0,0,0,0,0,0
"252",NA,"Impl_err_2019",0,0,0,0,0,0,0,0,0,0,0,0,0,0,0,0,0,0,0,0,0,0,0,0,0,0,0,0,0,0,0,0
"253",NA,"Impl_err_2020",0,0,0,0,0,0,0,0,0,0,0,0,0,0,0,0,0,0,0,0,0,0,0,0,0,0,0,0,0,0,0,0
"254",NA,"Impl_err_2021",0,0,0,0,0,0,0,0,0,0,0,0,0,0,0,0,0,0,0,0,0,0,0,0,0,0,0,0,0,0,0,0
"255",NA,"Impl_err_2022",0,0,0,0,0,0,0,0,0,0,0,0,0,0,0,0,0,0,0,0,0,0,0,0,0,0,0,0,0,0,0,0
"256",NA,"Impl_err_2023",0,0,0,0,0,0,0,0,0,0,0,0,0,0,0,0,0,0,0,0,0,0,0,0,0,0,0,0,0,0,0,0
"257",NA,"Impl_err_2024",0,0,0,0,0,0,0,0,0,0,0,0,0,0,0,0,0,0,0,0,0,0,0,0,0,0,0,0,0,0,0,0
"258",NA,"Impl_err_2025",0,0,0,0,0,0,0,0,0,0,0,0,0,0,0,0,0,0,0,0,0,0,0,0,0,0,0,0,0,0,0,0
"259",NA,"Impl_err_2026",0,0,0,0,0,0,0,0,0,0,0,0,0,0,0,0,0,0,0,0,0,0,0,0,0,0,0,0,0,0,0,0
"260",NA,"Impl_err_2027",0,0,0,0,0,0,0,0,0,0,0,0,0,0,0,0,0,0,0,0,0,0,0,0,0,0,0,0,0,0,0,0
"261",NA,"Impl_err_2028",0,0,0,0,0,0,0,0,0,0,0,0,0,0,0,0,0,0,0,0,0,0,0,0,0,0,0,0,0,0,0,0
"262",NA,"LnQ_base_3_CA_REC(3)",-9.14079,-9.12153,-9.10358,-9.18788,-9.13952,-9.14708,-9.13966,-9.14059,-9.17695,-8.64341,-9.26691,-9.14901,-9.15603,-9.08987,-9.14942,-9.09292,-9.13619,-9.14791,-9.14576,-9.15204,-9.14078,-9.21413,-9.12199,-9.15291,-9.13603,-9.13276,-9.1425,-9.11411,-9.1018,-9.50214,-9.49219,-9.14676
"263",NA,"Q_extraSD_3_CA_REC(3)",0.121586,0.125317,0.131568,0.115029,0.121611,0.120272,0.121616,0.121564,0.116849,0.210195,0.11104,0.125069,0.12161,0.131756,0.123136,0.124494,0.120918,0.120643,0.120413,0.119855,0.121084,0.112199,0.124446,0.118803,0.129904,0.116302,0.125436,0.124822,0.656439,0.166454,0.0851023,0.23698
"264",NA,"LnQ_base_6_OR_REC(6)",-9.04394,-8.80665,-8.97695,-9.07322,-9.04208,-9.05676,-9.03542,-9.03038,-9.04793,-9.12237,-9.03613,-9.11301,-9.11997,-8.37263,-8.94728,-9.06424,-9.10341,-9.04988,-9.04649,-9.04682,-9.03099,-9.03993,-9.02771,-9.05355,-8.99198,-9.05835,-9.04737,-8.97754,-8.74428,-11.0727,-9.7766,-8.79983
"265",NA,"Q_extraSD_6_OR_REC(6)",0.107503,0.533534,0.114338,0.104921,0.107077,0.106457,0.107524,0.107918,0.106909,0.0978342,0.113738,0.0977963,0.0930406,0.0758861,0.112259,0.101617,0.1027,0.106272,0.107553,0.106926,0.107297,0.101633,0.109207,0.106383,0.106928,0.106592,0.10568,0.111355,0.656439,0.0967457,0.08991,0.23698
"266",NA,"LnQ_base_7_WA_REC(7)",-8.72233,-8.86729,-8.61871,-8.74832,-8.81932,-8.73457,-8.89416,-8.89,-8.72428,-8.79313,-8.891,-8.96281,-8.97216,-9.03226,-9.30697,-8.9552,-8.78718,-8.90722,-8.90439,-8.72263,-8.89073,-8.70995,-8.88367,-8.91136,-9.05285,-8.91763,-8.71052,-8.65077,-8.64082,-10.1347,-9.60429,-8.88548
"267",NA,"Q_extraSD_7_WA_REC(7)",0.392133,0.404854,0.13539,0.377397,0.388455,0.386538,0.390494,0.391916,0.391505,0.342441,0.393885,0.358437,0.355061,0.357994,0.414236,0.371217,0.36962,0.385528,0.386523,0.38933,0.391277,0.389788,0.396681,0.384438,0.403023,0.375427,0.401174,0.413408,0.656439,0.125546,0.253154,0.393751
"268",NA,"LnQ_base_8_CACPFV(8)",-9.19193,-9.16811,-9.14113,-9.27296,-9.19156,-9.20042,-9.19196,-9.19285,-9.23243,-8.63471,-9.34571,-9.19431,-9.2049,-9.12952,-9.19755,-9.14065,-9.18976,-9.20227,-9.20023,-9.2063,-9.19317,-9.283,-9.16894,-9.20589,-9.17853,-9.19539,-9.18807,-9.15923,-9.15497,-9.47231,-9.65507,-9.21068
"269",NA,"Q_extraSD_8_CACPFV(8)",0.105953,0.0985019,0.0870827,1.68211,0.106232,0.108877,0.107016,0.107206,0.108254,2.28546e-07,0.124537,0.10629,0.111862,0.0885518,0.105792,0.115318,0.107675,0.10948,0.109747,0.109706,0.107181,0.127071,0.100383,0.113176,0.106899,0.105093,0.0966563,0.0993329,0.656439,1.03492e-08,0.198308,0.23698
"270",NA,"LnQ_base_9_OR_RECOB(9)",-8.92616,-8.85672,-8.79827,-8.9862,-8.99066,-8.94821,-8.91272,-8.90934,-8.92908,-8.97825,-8.90188,-9.03059,-9.06934,-9.09988,-8.81267,-8.98055,-8.92968,-8.93545,-8.94773,-8.94393,-8.90756,-8.94251,-8.85895,-8.9489,-8.84584,-8.96823,-8.91253,-8.83866,-8.82996,-10.7908,-9.76169,-8.91311
"271",NA,"Q_extraSD_9_OR_RECOB(9)",0.198965,0.197562,0.198041,0.199495,0.677068,0.19912,0.198875,0.198985,0.199106,0.199151,0.196822,0.200907,0.203269,0.197835,0.199073,0.200538,0.191123,0.199073,0.199564,0.199197,0.199008,0.203038,0.198173,0.198962,0.198625,0.19908,0.20222,0.198821,0.656439,0.223642,0.203391,0.23698
"272",NA,"LnQ_base_10_TRI_ORWA(10)",-1.38903,-1.35362,-1.31927,-1.41196,-1.38992,-1.53379,-1.38399,-1.37687,-1.38231,-1.36356,-1.37068,-1.42914,-1.49207,-1.66125,-1.27165,-1.4239,-1.47388,-1.04474,-1.39711,-1.37753,-1.37765,-1.35704,-1.37042,-1.41255,-1.34488,-1.41077,-1.37053,-1.32264,-1.37879,6.77609,-2.01129,-1.41029
"273",NA,"Q_extraSD_10_TRI_ORWA(10)",0.119626,0.116042,0.108825,0.124902,0.121014,1.49114,0.121142,0.120211,0.120624,0.141664,0.121477,0.134591,0.135343,0.155778,0.110464,0.125687,0.132429,0.0966854,0.123237,0.119929,0.119765,0.116967,0.11847,0.124061,0.115225,0.127165,0.115118,0.110025,0.656439,0.261838,0.226915,0.23698
"274",NA,"LnQ_base_11_NWFSC_ORWA(11)",-0.713132,-0.646673,-0.565342,-0.774225,-0.717852,-0.739593,-0.710746,-0.702357,-0.716209,-0.831443,-0.697063,-0.854411,-0.897036,-1.00471,-0.575339,-0.780808,-0.829055,-0.739997,0.706868,-0.717108,-0.699648,-0.696474,-0.674028,-0.749086,-0.647931,-0.769471,-0.642727,-0.608031,-0.508184,-2.99006,-1.64815,-0.690366
"275",NA,"Q_extraSD_11_NWFSC_ORWA(11)",0,0,0,0,0,0,0,0,0,0,0,0,0,0,0,0,0,0,0,0,0,0,0,0,0,0,0,0,0,0,0,0
"276",NA,"LnQ_base_12_IPHC_ORWA(12)",-4.64077,-4.57879,-4.49121,-4.70098,-4.64798,-4.66813,-4.64273,-4.60564,-4.6439,-4.76135,-4.63429,-4.78344,-4.82332,-4.9701,-4.4996,-4.71084,-4.76998,-4.67294,-4.66774,-6.11712,-4.62983,-4.61131,-4.60629,-4.67745,-4.57616,-4.69909,-4.57828,-4.53026,-4.41583,-7.05499,-5.35615,-4.61332
"277",NA,"Q_extraSD_12_IPHC_ORWA(12)",0.126335,0.125879,0.129821,0.126512,0.124745,0.125458,0.124226,1.66843,0.125956,0.107925,0.123867,0.118428,0.120001,0.103434,0.133049,0.123761,0.109984,0.123052,0.126332,0.11269,0.124754,0.131694,0.118566,0.125005,0.124176,0.124679,0.123882,0.13502,0.656439,0.027052,0.0789243,0.23698
"278",NA,"LnQ_base_6_OR_REC(6)_BLK2add_2005",-0.187148,-0.590329,-0.134024,-0.213856,-0.184647,-0.195222,-0.183285,-0.184846,-0.184926,-0.140307,-0.188079,-0.209816,-0.228872,-0.205203,-0.173392,-0.212213,-0.162947,-0.190042,-0.207518,-0.199573,-0.181271,-0.19021,-0.146036,-0.198975,-0.15699,-0.211584,-0.167925,-0.165979,-0.595875,-0.271601,-0.271439,-0.593507
"279",NA,"SizeSel_P1_1_CA_TWL(1)",46.2474,46.1712,46.0435,45.9247,46.2383,46.2511,46.2277,46.2154,60,54.5668,44.97,45.3601,45.7944,45.1334,45.8436,46.5701,46.2634,46.0511,46.1835,46.1955,46.549,46.4502,46.4489,45.7429,45.4619,46.1809,47.7768,46.4633,45.6021,54.9247,60,45.8105
"280",NA,"SizeSel_P2_1_CA_TWL(1)",-15,-15,-15,-15,-15,-15,-15,-15,-15,-15,-15,-15,-15,-15,-15,-15,-15,-15,-15,-15,-15,-15,-15,-15,-15,-15,-15,-15,-15,-15,-15,-15
"281",NA,"SizeSel_P3_1_CA_TWL(1)",5.11922,5.1141,5.10335,5.08877,5.11859,5.11923,5.11783,5.11651,6.1626,5.59686,5.00775,5.02863,5.07039,5.00639,5.07986,5.139,5.12158,5.10148,5.11367,5.11453,5.14908,5.14089,5.13823,5.06843,5.03728,5.10207,5.26135,5.14012,5.06209,5.38998,6.41658,5.07902
"282",NA,"SizeSel_P4_1_CA_TWL(1)",18.398,26.0707,29.8596,28.11,29.9623,24.3266,29.5031,26.0379,21.1518,24.5973,26.1208,28.2422,27.1302,29.6733,25.5137,25.3448,25.0469,29.5276,28.6904,26.2643,26.625,29.5795,26.4226,25.6332,28.8525,26.8804,27.0591,27.2727,24.9627,0.364569,20.2393,26.3985
"283",NA,"SizeSel_P5_1_CA_TWL(1)",-999,-999,-999,-999,-999,-999,-999,-999,-999,-999,-999,-999,-999,-999,-999,-999,-999,-999,-999,-999,-999,-999,-999,-999,-999,-999,-999,-999,-999,-999,-999,-999
"284",NA,"SizeSel_P6_1_CA_TWL(1)",-999,-999,-999,-999,-999,-999,-999,-999,-999,-999,-999,-999,-999,-999,-999,-999,-999,-999,-999,-999,-999,-999,-999,-999,-999,-999,-999,-999,-999,-999,-999,-999
"285",NA,"SizeSel_P1_2_CA_NONTWL(2)",43.3918,43.2703,43.2419,43.7339,43.3375,43.4015,43.3419,43.3662,43.0436,27.8912,43.9029,43.6899,43.7226,43.234,43.4885,46.1478,42.9982,43.2815,43.4341,43.4023,43.365,43.9212,43.309,43.4879,43.9681,42.8659,43.8152,43.3923,43.4376,20,53.747,43.5825
"286",NA,"SizeSel_P2_2_CA_NONTWL(2)",-15,-15,-15,-15,-15,-15,-15,-15,-15,-15,-15,-15,-15,-15,-15,-15,-15,-15,-15,-15,-15,-15,-15,-15,-15,-15,-15,-15,-15,-15,-15,-15
"287",NA,"SizeSel_P3_2_CA_NONTWL(2)",5.0308,5.02241,5.01793,5.06122,5.02831,5.03158,5.02985,5.03145,5.00572,-0.999998,5.10992,5.04905,5.0508,5.00804,5.03773,5.25582,5.00385,5.02501,5.03614,5.03168,5.02914,5.07919,5.02882,5.0398,5.08523,4.97291,5.06249,5.03048,5.03361,3.31246,6.21744,5.04916
"288",NA,"SizeSel_P4_2_CA_NONTWL(2)",16.6945,23.8614,21.9613,22.512,23.4497,22.5545,26.3133,27.0962,27.6517,6.59256,29.2653,26.0521,29.8723,25.2525,22.6753,7.30853,29.3419,25.8424,22.3022,28.5149,25.1058,21.0435,23.5619,24.4057,23.3854,25.5743,23.8025,23.2137,24.17,19.9288,20.3588,25.197
"289",NA,"SizeSel_P5_2_CA_NONTWL(2)",-999,-999,-999,-999,-999,-999,-999,-999,-999,-999,-999,-999,-999,-999,-999,-999,-999,-999,-999,-999,-999,-999,-999,-999,-999,-999,-999,-999,-999,-999,-999,-999
"290",NA,"SizeSel_P6_2_CA_NONTWL(2)",-999,-999,-999,-999,-999,-999,-999,-999,-999,-999,-999,-999,-999,-999,-999,-999,-999,-999,-999,-999,-999,-999,-999,-999,-999,-999,-999,-999,-999,-999,-999,-999
"291",NA,"SizeSel_P1_3_CA_REC(3)",43.4752,43.4759,43.5105,43.144,43.4406,43.4613,43.4256,43.4213,42.991,49.7041,41.9799,43.1193,43.1796,42.9145,43.2371,43.7579,43.3056,43.3303,43.4491,43.4485,43.4979,43.2137,43.6749,43.2563,43.2257,43.3545,44.4004,43.4542,43.3898,20,58.7964,43.2861
"292",NA,"SizeSel_P2_3_CA_REC(3)",-15,-15,-15,-15,-15,-15,-15,-15,-15,-15,-15,-15,-15,-15,-15,-15,-15,-15,-15,-15,-15,-15,-15,-15,-15,-15,-15,-15,-15,-15,-15,-15
"293",NA,"SizeSel_P3_3_CA_REC(3)",5.31014,5.31107,5.31604,5.28241,5.30784,5.30866,5.30689,5.30643,5.2794,5.58984,5.3082,5.27904,5.28326,5.25771,5.2921,5.2646,5.29631,5.2996,5.30862,5.30847,5.3123,5.29704,5.32762,5.29379,5.28604,5.29285,5.39217,5.30818,5.30403,4.40451,7.14313,5.29268
"294",NA,"SizeSel_P4_3_CA_REC(3)",20,20,20,20,20,20,20,20,20,20,20,20,20,20,20,20,20,20,20,20,20,20,20,20,20,20,20,20,20,20,20,20
"295",NA,"SizeSel_P5_3_CA_REC(3)",-999,-999,-999,-999,-999,-999,-999,-999,-999,-999,-999,-999,-999,-999,-999,-999,-999,-999,-999,-999,-999,-999,-999,-999,-999,-999,-999,-999,-999,-999,-999,-999
"296",NA,"SizeSel_P6_3_CA_REC(3)",-999,-999,-999,-999,-999,-999,-999,-999,-999,-999,-999,-999,-999,-999,-999,-999,-999,-999,-999,-999,-999,-999,-999,-999,-999,-999,-999,-999,-999,-999,-999,-999
"297",NA,"SizeSel_P1_4_ORWA_TWL(4)",50.7464,51.0368,50.0533,50.9081,51.2473,50.7641,51.4606,51.3816,50.0825,42.1805,49.3041,41.3778,46.9432,46.6043,52.3131,53.7784,51.5478,51.6627,51.1688,51.8771,52.0064,50.9067,52.4066,49.0418,54.4625,50.6228,53.953,50.6609,49.7615,60,20,51.296
"298",NA,"SizeSel_P2_4_ORWA_TWL(4)",-15,-15,-15,-15,-15,-15,-15,-15,-15,-15,-15,-15,-15,-15,-15,-15,-15,-15,-15,-15,-15,-15,-15,-15,-15,-15,-15,-15,-15,-15,-15,-15
"299",NA,"SizeSel_P3_4_ORWA_TWL(4)",5.8745,5.89274,5.84355,5.89407,5.90662,5.87399,5.91782,5.91099,5.82806,5.50993,5.76656,-0.970919,5.6616,5.712,5.95629,6.09716,5.93534,5.93203,5.90433,5.9506,5.95292,5.8985,5.97425,5.75232,6.1082,5.84934,6.08194,5.85694,5.8288,-0.999998,8.99995,5.90998
"300",NA,"SizeSel_P4_4_ORWA_TWL(4)",17.8061,26.3263,27.2329,28.0366,29.5045,29.1569,29.6909,28.2473,28.4772,27.2046,27.728,27.3191,27.5338,29.2853,28.5828,24.6629,22.9979,29.8956,26.8782,21.2122,25.8799,28.6085,26.7973,29.7151,24.941,27.2387,26.8894,28.1804,29.9693,19.7565,29.6718,24.8679
"301",NA,"SizeSel_P5_4_ORWA_TWL(4)",-999,-999,-999,-999,-999,-999,-999,-999,-999,-999,-999,-999,-999,-999,-999,-999,-999,-999,-999,-999,-999,-999,-999,-999,-999,-999,-999,-999,-999,-999,-999,-999
"302",NA,"SizeSel_P6_4_ORWA_TWL(4)",-999,-999,-999,-999,-999,-999,-999,-999,-999,-999,-999,-999,-999,-999,-999,-999,-999,-999,-999,-999,-999,-999,-999,-999,-999,-999,-999,-999,-999,-999,-999,-999
"303",NA,"SizeSel_P1_5_ORWA_NONTWL(5)",51.3437,51.2732,51.5272,51.36,51.2431,51.2733,51.2138,51.2985,51.314,49.1074,51.1175,50.2651,43.6732,48.246,51.8301,51.2349,50.0833,51.0855,51.297,51.6426,51.346,52.0218,51.1241,50.9546,51.3633,51.1837,52.3323,51.7821,51.7395,60,56.9731,51.3604
"304",NA,"SizeSel_P2_5_ORWA_NONTWL(5)",-15,-15,-15,-15,-15,-15,-15,-15,-15,-15,-15,-15,-15,-15,-15,-15,-15,-15,-15,-15,-15,-15,-15,-15,-15,-15,-15,-15,-15,-15,-15,-15
"305",NA,"SizeSel_P3_5_ORWA_NONTWL(5)",5.47821,5.4651,5.48094,5.4841,5.47324,5.47546,5.47086,5.47442,5.47726,5.38242,5.45605,5.44099,-0.97959,5.29445,5.49771,5.48641,5.41424,5.46596,5.47569,5.49944,5.47666,5.52916,5.46505,5.4549,5.4741,5.47435,5.53556,5.49829,5.48368,-0.999998,6.08834,5.47238
"306",NA,"SizeSel_P4_5_ORWA_NONTWL(5)",20,20,20,20,20,20,20,20,20,20,20,20,20,20,20,20,20,20,20,20,20,20,20,20,20,20,20,20,20,20,20,20
"307",NA,"SizeSel_P5_5_ORWA_NONTWL(5)",-999,-999,-999,-999,-999,-999,-999,-999,-999,-999,-999,-999,-999,-999,-999,-999,-999,-999,-999,-999,-999,-999,-999,-999,-999,-999,-999,-999,-999,-999,-999,-999
"308",NA,"SizeSel_P6_5_ORWA_NONTWL(5)",-999,-999,-999,-999,-999,-999,-999,-999,-999,-999,-999,-999,-999,-999,-999,-999,-999,-999,-999,-999,-999,-999,-999,-999,-999,-999,-999,-999,-999,-999,-999,-999
"309",NA,"SizeSel_P1_6_OR_REC(6)",37.7933,37.7066,37.8798,37.8113,37.7514,37.7692,37.7201,37.7592,37.7967,37.4835,37.6026,37.4374,37.5084,49.0001,37.9561,37.6596,37.4371,37.6746,37.6997,37.8359,37.7729,38.0973,37.5027,37.7538,37.7263,37.7308,37.7368,38.0134,37.9302,20.0003,38.9781,37.7431
"310",NA,"SizeSel_P2_6_OR_REC(6)",-15,-15,-15,-15,-15,-15,-15,-15,-15,-15,-15,-15,-15,-15,-15,-15,-15,-15,-15,-15,-15,-15,-15,-15,-15,-15,-15,-15,-15,-15,-15,-15
"311",NA,"SizeSel_P3_6_OR_REC(6)",4.25029,4.23358,4.25621,4.25375,4.24512,4.24831,4.24122,4.24446,4.25155,4.23135,4.22819,4.2291,4.22837,-0.997442,4.26269,4.23705,4.2277,4.23727,4.23631,4.25575,4.24562,4.28707,4.21577,4.25007,4.23577,4.23437,4.22199,4.27347,4.25426,8.99998,4.8886,4.23702
"312",NA,"SizeSel_P4_6_OR_REC(6)",12,12,12,12,12,12,12,12,12,12,12,12,12,12,12,12,12,12,12,12,12,12,12,12,12,12,12,12,12,12,12,12
"313",NA,"SizeSel_P5_6_OR_REC(6)",-999,-999,-999,-999,-999,-999,-999,-999,-999,-999,-999,-999,-999,-999,-999,-999,-999,-999,-999,-999,-999,-999,-999,-999,-999,-999,-999,-999,-999,-999,-999,-999
"314",NA,"SizeSel_P6_6_OR_REC(6)",-999,-999,-999,-999,-999,-999,-999,-999,-999,-999,-999,-999,-999,-999,-999,-999,-999,-999,-999,-999,-999,-999,-999,-999,-999,-999,-999,-999,-999,-999,-999,-999
"315",NA,"SizeSel_P1_7_WA_REC(7)",44.4012,32.0416,44.9261,44.3866,33.7971,44.3729,32.0262,32.0352,44.4625,43.2805,31.9691,31.9976,32.0077,31.8831,20,30.8627,43.9192,32.0152,32.0304,44.4974,32.0332,44.7496,31.971,32.0205,24.8626,32.0377,45.182,44.8414,44.9584,45.0006,31.759,32.0511
"316",NA,"SizeSel_P2_7_WA_REC(7)",-15,-15,-15,-15,-15,-15,-15,-15,-15,-15,-15,-15,-15,-15,-15,-15,-15,-15,-15,-15,-15,-15,-15,-15,-15,-15,-15,-15,-15,-15,-15,-15
"317",NA,"SizeSel_P3_7_WA_REC(7)",4.48899,0.163098,4.5637,4.48817,-0.918572,4.48603,0.134281,0.147281,4.49699,4.36061,0.0298522,0.135537,0.134918,-0.0386436,8.99997,-0.999993,4.44741,0.117418,0.143846,4.50068,0.139214,4.52761,0.0407848,0.119608,-0.999995,0.158519,4.58691,4.53407,4.56475,-0.914322,-0.237149,0.179018
"318",NA,"SizeSel_P4_7_WA_REC(7)",20,20,20,20,20,20,20,20,20,20,20,20,20,20,20,20,20,20,20,20,20,20,20,20,20,20,20,20,20,20,20,20
"319",NA,"SizeSel_P5_7_WA_REC(7)",-999,-999,-999,-999,-999,-999,-999,-999,-999,-999,-999,-999,-999,-999,-999,-999,-999,-999,-999,-999,-999,-999,-999,-999,-999,-999,-999,-999,-999,-999,-999,-999
"320",NA,"SizeSel_P6_7_WA_REC(7)",-999,-999,-999,-999,-999,-999,-999,-999,-999,-999,-999,-999,-999,-999,-999,-999,-999,-999,-999,-999,-999,-999,-999,-999,-999,-999,-999,-999,-999,-999,-999,-999
"321",NA,"SizeSel_P1_9_OR_RECOB(9)",33.6498,34.0415,34.1174,33.4858,33.6207,33.5627,33.585,33.6392,33.6153,32.14,34.1525,32.4278,31.809,32.2939,33.9365,33.177,27.0001,33.4326,33.6789,33.6268,33.6691,33.5839,33.7938,33.3711,33.5392,33.3402,34.0445,33.8094,34.6891,23.0018,20,34.0209
"322",NA,"SizeSel_P2_9_OR_RECOB(9)",-15,-15,-15,-15,-15,-15,-15,-15,-15,-15,-15,-15,-15,-15,-15,-15,-15,-15,-15,-15,-15,-15,-15,-15,-15,-15,-15,-15,-15,-15,-15,-15
"323",NA,"SizeSel_P3_9_OR_RECOB(9)",4.44418,4.4853,4.49419,4.42782,4.448,4.43454,4.43599,4.4435,4.44047,4.23665,4.50763,4.29039,4.19328,4.25455,4.47725,4.4044,-0.982477,4.41888,4.4625,4.45028,4.44561,4.45776,4.44753,4.41217,4.42131,4.40825,4.46837,4.46449,4.5643,-0.997088,1.33643,4.49459
"324",NA,"SizeSel_P4_9_OR_RECOB(9)",20,20,20,20,20,20,20,20,20,20,20,20,20,20,20,20,20,20,20,20,20,20,20,20,20,20,20,20,20,20,20,20
"325",NA,"SizeSel_P5_9_OR_RECOB(9)",-999,-999,-999,-999,-999,-999,-999,-999,-999,-999,-999,-999,-999,-999,-999,-999,-999,-999,-999,-999,-999,-999,-999,-999,-999,-999,-999,-999,-999,-999,-999,-999
"326",NA,"SizeSel_P6_9_OR_RECOB(9)",-999,-999,-999,-999,-999,-999,-999,-999,-999,-999,-999,-999,-999,-999,-999,-999,-999,-999,-999,-999,-999,-999,-999,-999,-999,-999,-999,-999,-999,-999,-999,-999
"327",NA,"SizeSel_P1_10_TRI_ORWA(10)",79.965,80,80,80,80,80,80,80,80,80,80,80,80,80,80,80,80,59.0865,80,80,80,80,80,80,80,80,80,80,80,75.0245,80,80
"328",NA,"SizeSel_P2_10_TRI_ORWA(10)",-15,-15,-15,-15,-15,-15,-15,-15,-15,-15,-15,-15,-15,-15,-15,-15,-15,-15,-15,-15,-15,-15,-15,-15,-15,-15,-15,-15,-15,-15,-15,-15
"329",NA,"SizeSel_P3_10_TRI_ORWA(10)",6.99794,7.00376,6.99785,6.99356,7.00285,7.0219,7.00418,7.00123,6.99424,6.9431,6.99967,6.99815,7.02361,7.12666,6.98085,7.00661,7.03515,-0.959516,7.00363,6.98884,7.00088,6.97029,7.00806,7.01127,7.00482,6.99981,6.98461,6.99102,7.00632,-0.997345,6.99004,7.01928
"330",NA,"SizeSel_P4_10_TRI_ORWA(10)",12,12,12,12,12,12,12,12,12,12,12,12,12,12,12,12,12,12,12,12,12,12,12,12,12,12,12,12,12,12,12,12
"331",NA,"SizeSel_P5_10_TRI_ORWA(10)",-999,-999,-999,-999,-999,-999,-999,-999,-999,-999,-999,-999,-999,-999,-999,-999,-999,-999,-999,-999,-999,-999,-999,-999,-999,-999,-999,-999,-999,-999,-999,-999
"332",NA,"SizeSel_P6_10_TRI_ORWA(10)",-999,-999,-999,-999,-999,-999,-999,-999,-999,-999,-999,-999,-999,-999,-999,-999,-999,-999,-999,-999,-999,-999,-999,-999,-999,-999,-999,-999,-999,-999,-999,-999
"333",NA,"SizeSel_P1_11_NWFSC_ORWA(11)",55.8424,55.766,56.6042,55.8247,55.47,55.6747,55.4091,55.5737,55.834,52.4099,55.629,53.7961,53.5893,50.8928,56.7458,55.2882,52.2973,55.0602,60,56.403,55.6326,57.1237,54.6994,55.2995,54.9927,55.2129,58.8553,56.514,57.6073,27.0007,20,55.9983
"334",NA,"SizeSel_P2_11_NWFSC_ORWA(11)",-15,-15,-15,-15,-15,-15,-15,-15,-15,-15,-15,-15,-15,-15,-15,-15,-15,-15,-15,-15,-15,-15,-15,-15,-15,-15,-15,-15,-15,-15,-15,-15
"335",NA,"SizeSel_P3_11_NWFSC_ORWA(11)",6.44502,6.41673,6.45031,6.45699,6.42995,6.44261,6.42612,6.43134,6.44806,6.35019,6.41469,6.40599,6.41362,6.22777,6.47044,6.45635,6.29196,6.41662,-0.999995,6.48049,6.43485,6.52363,6.37457,6.42899,6.3912,6.42653,6.59199,6.4635,6.4722,-0.24704,8.99995,6.43629
"336",NA,"SizeSel_P4_11_NWFSC_ORWA(11)",20,20,20,20,20,20,20,20,20,20,20,20,20,20,20,20,20,20,20,20,20,20,20,20,20,20,20,20,20,20,20,20
"337",NA,"SizeSel_P5_11_NWFSC_ORWA(11)",-999,-999,-999,-999,-999,-999,-999,-999,-999,-999,-999,-999,-999,-999,-999,-999,-999,-999,-999,-999,-999,-999,-999,-999,-999,-999,-999,-999,-999,-999,-999,-999
"338",NA,"SizeSel_P6_11_NWFSC_ORWA(11)",-999,-999,-999,-999,-999,-999,-999,-999,-999,-999,-999,-999,-999,-999,-999,-999,-999,-999,-999,-999,-999,-999,-999,-999,-999,-999,-999,-999,-999,-999,-999,-999
"339",NA,"SizeSel_P1_12_IPHC_ORWA(12)",54.6655,54.5347,54.8652,54.6886,54.5313,54.6089,54.4819,54.6053,54.683,54.5598,54.3767,54.5681,54.4269,52.6459,55.0264,54.4579,53.9521,54.4157,54.43,20,54.5571,55.2605,54.4395,54.5524,54.4787,54.5559,55.039,54.8802,55.0893,45,55.8235,54.6501
"340",NA,"SizeSel_P2_12_IPHC_ORWA(12)",-15,-15,-15,-15,-15,-15,-15,-15,-15,-15,-15,-15,-15,-15,-15,-15,-15,-15,-15,-15,-15,-15,-15,-15,-15,-15,-15,-15,-15,-15,-15,-15
"341",NA,"SizeSel_P3_12_IPHC_ORWA(12)",4.21874,4.20014,4.2352,4.22356,4.204,4.21319,4.19868,4.21529,4.22213,4.25923,4.18296,4.23579,4.2112,3.96965,4.2597,4.19909,4.15961,4.19318,4.18511,8.99996,4.20651,4.2884,4.2021,4.20738,4.19812,4.2107,4.25285,4.23727,4.25751,-0.987885,4.28608,4.21729
"342",NA,"SizeSel_P4_12_IPHC_ORWA(12)",20,20,20,20,20,20,20,20,20,20,20,20,20,20,20,20,20,20,20,20,20,20,20,20,20,20,20,20,20,20,20,20
"343",NA,"SizeSel_P5_12_IPHC_ORWA(12)",-999,-999,-999,-999,-999,-999,-999,-999,-999,-999,-999,-999,-999,-999,-999,-999,-999,-999,-999,-999,-999,-999,-999,-999,-999,-999,-999,-999,-999,-999,-999,-999
"344",NA,"SizeSel_P6_12_IPHC_ORWA(12)",-999,-999,-999,-999,-999,-999,-999,-999,-999,-999,-999,-999,-999,-999,-999,-999,-999,-999,-999,-999,-999,-999,-999,-999,-999,-999,-999,-999,-999,-999,-999,-999
"8","Derived quantities",NA,NA,NA,NA,NA,NA,NA,NA,NA,NA,NA,NA,NA,NA,NA,NA,NA,NA,NA,NA,NA,NA,NA,NA,NA,NA,NA,NA,NA,NA,NA,NA,NA
"345",NA,"SB0",1132.285,1115.87,1087.705,1157.725,1129.59,1139.72,1126.85,1127.355,1126.39,1134.155,1131.7,1121.145,1142.075,1172.43,1102.055,1132.125,1135.46,1130.305,1129.955,1129.065,1123.355,1139.76,1108.935,1140.525,1094.235,1160.455,1128.275,1123.505,1089.34,2354.615,1308.38,1136.59
"346",NA,"SSB_2017",320.4345,303.0205,283.5365,342.647,320.0725,327.215,318.5255,317.76,322.6355,296.052,328.5385,347.352,359.378,373.136,296.491,333.9385,331.819,325.271,328.992,325.8275,316.262,328.569,301.9645,329.259,301.8715,332.893,305.499,300.2255,276.56,1794.615,557.205,318.8695
"347",NA,"Bratio_2017",0.282999,0.271555,0.260674,0.295966,0.283353,0.287101,0.282669,0.281863,0.286433,0.261033,0.290306,0.309819,0.314671,0.318258,0.269035,0.294966,0.292234,0.287772,0.291155,0.288582,0.281534,0.288279,0.272302,0.288691,0.275875,0.286864,0.270766,0.267222,0.253878,0.762168,0.425875,0.280549
"348",NA,"MSY_SPR",52.249,50.695,50.199,53.359,51.722,52.599,51.193,51.2125,51.9605,53.375,50.99,51.205,52.455,57.99,48.0669,51.2825,52.4855,51.435,51.3485,52.1505,50.9095,52.233,50.251,52.3205,48.3685,53.4095,51.5745,51.503,50.2555,94.385,66.2005,51.6185
"349",NA,"F_SPR",0.0219366,0.0216401,0.0219368,0.0219079,0.0217902,0.0219405,0.0216398,0.0216363,0.0219248,0.0223073,0.0214889,0.0217199,0.0218711,0.0235001,0.0208121,0.0215971,0.0220129,0.0216675,0.0216477,0.0219422,0.0215811,0.0217188,0.0215693,0.0217992,0.0211026,0.0218674,0.0216886,0.0219196,0.0219235,0.0196021,0.0246432,0.0216287
